solid tool_payload_hemisphere
  facet normal 9.9399748e-01 9.7900207e-02 -4.8831965e-02
    outer loop
      vertex 1.0000000e+00 0.0000000e+00 1.0000000e+00
      vertex 9.7606253e-01 1.9415091e-01 9.0198286e-01
      vertex 9.8078528e-01 1.9509032e-01 1.0000000e+00
    endloop
  endfacet
  facet normal 9.5579871e-01 2.8993837e-01 -4.8831965e-02
    outer loop
      vertex 9.8078528e-01 1.9509032e-01 1.0000000e+00
      vertex 9.1943080e-01 3.8084071e-01 9.0198286e-01
      vertex 9.2387953e-01 3.8268343e-01 1.0000000e+00
    endloop
  endfacet
  facet normal 8.8086914e-01 4.7083436e-01 -4.8831965e-02
    outer loop
      vertex 9.2387953e-01 3.8268343e-01 1.0000000e+00
      vertex 8.2746586e-01 5.5289501e-01 9.0198286e-01
      vertex 8.3146961e-01 5.5557023e-01 1.0000000e+00
    endloop
  endfacet
  facet normal 7.7208826e-01 6.3363646e-01 -4.8831965e-02
    outer loop
      vertex 8.3146961e-01 5.5557023e-01 1.0000000e+00
      vertex 7.0370187e-01 7.0370187e-01 9.0198286e-01
      vertex 7.0710678e-01 7.0710678e-01 1.0000000e+00
    endloop
  endfacet
  facet normal 6.3363646e-01 7.7208826e-01 -4.8831965e-02
    outer loop
      vertex 7.0710678e-01 7.0710678e-01 1.0000000e+00
      vertex 5.5289501e-01 8.2746586e-01 9.0198286e-01
      vertex 5.5557023e-01 8.3146961e-01 1.0000000e+00
    endloop
  endfacet
  facet normal 4.7083436e-01 8.8086914e-01 -4.8831965e-02
    outer loop
      vertex 5.5557023e-01 8.3146961e-01 1.0000000e+00
      vertex 3.8084071e-01 9.1943080e-01 9.0198286e-01
      vertex 3.8268343e-01 9.2387953e-01 1.0000000e+00
    endloop
  endfacet
  facet normal 2.8993837e-01 9.5579871e-01 -4.8831965e-02
    outer loop
      vertex 3.8268343e-01 9.2387953e-01 1.0000000e+00
      vertex 1.9415091e-01 9.7606253e-01 9.0198286e-01
      vertex 1.9509032e-01 9.8078528e-01 1.0000000e+00
    endloop
  endfacet
  facet normal 9.7900207e-02 9.9399748e-01 -4.8831965e-02
    outer loop
      vertex 1.9509032e-01 9.8078528e-01 1.0000000e+00
      vertex 6.0937490e-17 9.9518473e-01 9.0198286e-01
      vertex 6.1232340e-17 1.0000000e+00 1.0000000e+00
    endloop
  endfacet
  facet normal -9.7900207e-02 9.9399748e-01 -4.8831965e-02
    outer loop
      vertex 6.1232340e-17 1.0000000e+00 1.0000000e+00
      vertex -1.9415091e-01 9.7606253e-01 9.0198286e-01
      vertex -1.9509032e-01 9.8078528e-01 1.0000000e+00
    endloop
  endfacet
  facet normal -2.8993837e-01 9.5579871e-01 -4.8831965e-02
    outer loop
      vertex -1.9509032e-01 9.8078528e-01 1.0000000e+00
      vertex -3.8084071e-01 9.1943080e-01 9.0198286e-01
      vertex -3.8268343e-01 9.2387953e-01 1.0000000e+00
    endloop
  endfacet
  facet normal -4.7083436e-01 8.8086914e-01 -4.8831965e-02
    outer loop
      vertex -3.8268343e-01 9.2387953e-01 1.0000000e+00
      vertex -5.5289501e-01 8.2746586e-01 9.0198286e-01
      vertex -5.5557023e-01 8.3146961e-01 1.0000000e+00
    endloop
  endfacet
  facet normal -6.3363646e-01 7.7208826e-01 -4.8831965e-02
    outer loop
      vertex -5.5557023e-01 8.3146961e-01 1.0000000e+00
      vertex -7.0370187e-01 7.0370187e-01 9.0198286e-01
      vertex -7.0710678e-01 7.0710678e-01 1.0000000e+00
    endloop
  endfacet
  facet normal -7.7208826e-01 6.3363646e-01 -4.8831965e-02
    outer loop
      vertex -7.0710678e-01 7.0710678e-01 1.0000000e+00
      vertex -8.2746586e-01 5.5289501e-01 9.0198286e-01
      vertex -8.3146961e-01 5.5557023e-01 1.0000000e+00
    endloop
  endfacet
  facet normal -8.8086914e-01 4.7083436e-01 -4.8831965e-02
    outer loop
      vertex -8.3146961e-01 5.5557023e-01 1.0000000e+00
      vertex -9.1943080e-01 3.8084071e-01 9.0198286e-01
      vertex -9.2387953e-01 3.8268343e-01 1.0000000e+00
    endloop
  endfacet
  facet normal -9.5579871e-01 2.8993837e-01 -4.8831965e-02
    outer loop
      vertex -9.2387953e-01 3.8268343e-01 1.0000000e+00
      vertex -9.7606253e-01 1.9415091e-01 9.0198286e-01
      vertex -9.8078528e-01 1.9509032e-01 1.0000000e+00
    endloop
  endfacet
  facet normal -9.9399748e-01 9.7900207e-02 -4.8831965e-02
    outer loop
      vertex -9.8078528e-01 1.9509032e-01 1.0000000e+00
      vertex -9.9518473e-01 1.2187498e-16 9.0198286e-01
      vertex -1.0000000e+00 1.2246468e-16 1.0000000e+00
    endloop
  endfacet
  facet normal -9.9399748e-01 -9.7900207e-02 -4.8831965e-02
    outer loop
      vertex -1.0000000e+00 1.2246468e-16 1.0000000e+00
      vertex -9.7606253e-01 -1.9415091e-01 9.0198286e-01
      vertex -9.8078528e-01 -1.9509032e-01 1.0000000e+00
    endloop
  endfacet
  facet normal -9.5579871e-01 -2.8993837e-01 -4.8831965e-02
    outer loop
      vertex -9.8078528e-01 -1.9509032e-01 1.0000000e+00
      vertex -9.1943080e-01 -3.8084071e-01 9.0198286e-01
      vertex -9.2387953e-01 -3.8268343e-01 1.0000000e+00
    endloop
  endfacet
  facet normal -8.8086914e-01 -4.7083436e-01 -4.8831965e-02
    outer loop
      vertex -9.2387953e-01 -3.8268343e-01 1.0000000e+00
      vertex -8.2746586e-01 -5.5289501e-01 9.0198286e-01
      vertex -8.3146961e-01 -5.5557023e-01 1.0000000e+00
    endloop
  endfacet
  facet normal -7.7208826e-01 -6.3363646e-01 -4.8831965e-02
    outer loop
      vertex -8.3146961e-01 -5.5557023e-01 1.0000000e+00
      vertex -7.0370187e-01 -7.0370187e-01 9.0198286e-01
      vertex -7.0710678e-01 -7.0710678e-01 1.0000000e+00
    endloop
  endfacet
  facet normal -6.3363646e-01 -7.7208826e-01 -4.8831965e-02
    outer loop
      vertex -7.0710678e-01 -7.0710678e-01 1.0000000e+00
      vertex -5.5289501e-01 -8.2746586e-01 9.0198286e-01
      vertex -5.5557023e-01 -8.3146961e-01 1.0000000e+00
    endloop
  endfacet
  facet normal -4.7083436e-01 -8.8086914e-01 -4.8831965e-02
    outer loop
      vertex -5.5557023e-01 -8.3146961e-01 1.0000000e+00
      vertex -3.8084071e-01 -9.1943080e-01 9.0198286e-01
      vertex -3.8268343e-01 -9.2387953e-01 1.0000000e+00
    endloop
  endfacet
  facet normal -2.8993837e-01 -9.5579871e-01 -4.8831965e-02
    outer loop
      vertex -3.8268343e-01 -9.2387953e-01 1.0000000e+00
      vertex -1.9415091e-01 -9.7606253e-01 9.0198286e-01
      vertex -1.9509032e-01 -9.8078528e-01 1.0000000e+00
    endloop
  endfacet
  facet normal -9.7900207e-02 -9.9399748e-01 -4.8831965e-02
    outer loop
      vertex -1.9509032e-01 -9.8078528e-01 1.0000000e+00
      vertex -1.8281247e-16 -9.9518473e-01 9.0198286e-01
      vertex -1.8369702e-16 -1.0000000e+00 1.0000000e+00
    endloop
  endfacet
  facet normal 9.7900207e-02 -9.9399748e-01 -4.8831965e-02
    outer loop
      vertex -1.8369702e-16 -1.0000000e+00 1.0000000e+00
      vertex 1.9415091e-01 -9.7606253e-01 9.0198286e-01
      vertex 1.9509032e-01 -9.8078528e-01 1.0000000e+00
    endloop
  endfacet
  facet normal 2.8993837e-01 -9.5579871e-01 -4.8831965e-02
    outer loop
      vertex 1.9509032e-01 -9.8078528e-01 1.0000000e+00
      vertex 3.8084071e-01 -9.1943080e-01 9.0198286e-01
      vertex 3.8268343e-01 -9.2387953e-01 1.0000000e+00
    endloop
  endfacet
  facet normal 4.7083436e-01 -8.8086914e-01 -4.8831965e-02
    outer loop
      vertex 3.8268343e-01 -9.2387953e-01 1.0000000e+00
      vertex 5.5289501e-01 -8.2746586e-01 9.0198286e-01
      vertex 5.5557023e-01 -8.3146961e-01 1.0000000e+00
    endloop
  endfacet
  facet normal 6.3363646e-01 -7.7208826e-01 -4.8831965e-02
    outer loop
      vertex 5.5557023e-01 -8.3146961e-01 1.0000000e+00
      vertex 7.0370187e-01 -7.0370187e-01 9.0198286e-01
      vertex 7.0710678e-01 -7.0710678e-01 1.0000000e+00
    endloop
  endfacet
  facet normal 7.7208826e-01 -6.3363646e-01 -4.8831965e-02
    outer loop
      vertex 7.0710678e-01 -7.0710678e-01 1.0000000e+00
      vertex 8.2746586e-01 -5.5289501e-01 9.0198286e-01
      vertex 8.3146961e-01 -5.5557023e-01 1.0000000e+00
    endloop
  endfacet
  facet normal 8.8086914e-01 -4.7083436e-01 -4.8831965e-02
    outer loop
      vertex 8.3146961e-01 -5.5557023e-01 1.0000000e+00
      vertex 9.1943080e-01 -3.8084071e-01 9.0198286e-01
      vertex 9.2387953e-01 -3.8268343e-01 1.0000000e+00
    endloop
  endfacet
  facet normal 9.5579871e-01 -2.8993837e-01 -4.8831965e-02
    outer loop
      vertex 9.2387953e-01 -3.8268343e-01 1.0000000e+00
      vertex 9.7606253e-01 -1.9415091e-01 9.0198286e-01
      vertex 9.8078528e-01 -1.9509032e-01 1.0000000e+00
    endloop
  endfacet
  facet normal 9.9399748e-01 -9.7900207e-02 -4.8831965e-02
    outer loop
      vertex 9.8078528e-01 -1.9509032e-01 1.0000000e+00
      vertex 9.9518473e-01 0.0000000e+00 9.0198286e-01
      vertex 1.0000000e+00 0.0000000e+00 1.0000000e+00
    endloop
  endfacet
  facet normal -9.8451518e-01 -9.6966282e-02 1.4603903e-01
    outer loop
      vertex 9.9518473e-01 0.0000000e+00 9.0198286e-01
      vertex 9.7606253e-01 1.9415091e-01 9.0198286e-01
      vertex 9.8078528e-01 0.0000000e+00 8.0490968e-01
    endloop
  endfacet
  facet normal -9.8451518e-01 -9.6966282e-02 1.4603903e-01
    outer loop
      vertex 9.7606253e-01 1.9415091e-01 9.0198286e-01
      vertex 9.6193977e-01 1.9134172e-01 8.0490968e-01
      vertex 9.8078528e-01 0.0000000e+00 8.0490968e-01
    endloop
  endfacet
  facet normal -9.4668081e-01 -2.8717249e-01 1.4603903e-01
    outer loop
      vertex 9.7606253e-01 1.9415091e-01 9.0198286e-01
      vertex 9.1943080e-01 3.8084071e-01 9.0198286e-01
      vertex 9.6193977e-01 1.9134172e-01 8.0490968e-01
    endloop
  endfacet
  facet normal -9.4668081e-01 -2.8717249e-01 1.4603903e-01
    outer loop
      vertex 9.1943080e-01 3.8084071e-01 9.0198286e-01
      vertex 9.0612745e-01 3.7533028e-01 8.0490968e-01
      vertex 9.6193977e-01 1.9134172e-01 8.0490968e-01
    endloop
  endfacet
  facet normal -8.7246604e-01 -4.6634281e-01 1.4603903e-01
    outer loop
      vertex 9.1943080e-01 3.8084071e-01 9.0198286e-01
      vertex 8.2746586e-01 5.5289501e-01 9.0198286e-01
      vertex 9.0612745e-01 3.7533028e-01 8.0490968e-01
    endloop
  endfacet
  facet normal -8.7246604e-01 -4.6634281e-01 1.4603903e-01
    outer loop
      vertex 8.2746586e-01 5.5289501e-01 9.0198286e-01
      vertex 8.1549316e-01 5.4489511e-01 8.0490968e-01
      vertex 9.0612745e-01 3.7533028e-01 8.0490968e-01
    endloop
  endfacet
  facet normal -7.6472288e-01 -6.2759185e-01 1.4603903e-01
    outer loop
      vertex 8.2746586e-01 5.5289501e-01 9.0198286e-01
      vertex 7.0370187e-01 7.0370187e-01 9.0198286e-01
      vertex 8.1549316e-01 5.4489511e-01 8.0490968e-01
    endloop
  endfacet
  facet normal -7.6472288e-01 -6.2759185e-01 1.4603903e-01
    outer loop
      vertex 7.0370187e-01 7.0370187e-01 9.0198286e-01
      vertex 6.9351992e-01 6.9351992e-01 8.0490968e-01
      vertex 8.1549316e-01 5.4489511e-01 8.0490968e-01
    endloop
  endfacet
  facet normal -6.2759185e-01 -7.6472288e-01 1.4603903e-01
    outer loop
      vertex 7.0370187e-01 7.0370187e-01 9.0198286e-01
      vertex 5.5289501e-01 8.2746586e-01 9.0198286e-01
      vertex 6.9351992e-01 6.9351992e-01 8.0490968e-01
    endloop
  endfacet
  facet normal -6.2759185e-01 -7.6472288e-01 1.4603903e-01
    outer loop
      vertex 5.5289501e-01 8.2746586e-01 9.0198286e-01
      vertex 5.4489511e-01 8.1549316e-01 8.0490968e-01
      vertex 6.9351992e-01 6.9351992e-01 8.0490968e-01
    endloop
  endfacet
  facet normal -4.6634281e-01 -8.7246604e-01 1.4603903e-01
    outer loop
      vertex 5.5289501e-01 8.2746586e-01 9.0198286e-01
      vertex 3.8084071e-01 9.1943080e-01 9.0198286e-01
      vertex 5.4489511e-01 8.1549316e-01 8.0490968e-01
    endloop
  endfacet
  facet normal -4.6634281e-01 -8.7246604e-01 1.4603903e-01
    outer loop
      vertex 3.8084071e-01 9.1943080e-01 9.0198286e-01
      vertex 3.7533028e-01 9.0612745e-01 8.0490968e-01
      vertex 5.4489511e-01 8.1549316e-01 8.0490968e-01
    endloop
  endfacet
  facet normal -2.8717249e-01 -9.4668081e-01 1.4603903e-01
    outer loop
      vertex 3.8084071e-01 9.1943080e-01 9.0198286e-01
      vertex 1.9415091e-01 9.7606253e-01 9.0198286e-01
      vertex 3.7533028e-01 9.0612745e-01 8.0490968e-01
    endloop
  endfacet
  facet normal -2.8717249e-01 -9.4668081e-01 1.4603903e-01
    outer loop
      vertex 1.9415091e-01 9.7606253e-01 9.0198286e-01
      vertex 1.9134172e-01 9.6193977e-01 8.0490968e-01
      vertex 3.7533028e-01 9.0612745e-01 8.0490968e-01
    endloop
  endfacet
  facet normal -9.6966282e-02 -9.8451518e-01 1.4603903e-01
    outer loop
      vertex 1.9415091e-01 9.7606253e-01 9.0198286e-01
      vertex 6.0937490e-17 9.9518473e-01 9.0198286e-01
      vertex 1.9134172e-01 9.6193977e-01 8.0490968e-01
    endloop
  endfacet
  facet normal -9.6966282e-02 -9.8451518e-01 1.4603903e-01
    outer loop
      vertex 6.0937490e-17 9.9518473e-01 9.0198286e-01
      vertex 6.0055778e-17 9.8078528e-01 8.0490968e-01
      vertex 1.9134172e-01 9.6193977e-01 8.0490968e-01
    endloop
  endfacet
  facet normal 9.6966282e-02 -9.8451518e-01 1.4603903e-01
    outer loop
      vertex 6.0937490e-17 9.9518473e-01 9.0198286e-01
      vertex -1.9415091e-01 9.7606253e-01 9.0198286e-01
      vertex 6.0055778e-17 9.8078528e-01 8.0490968e-01
    endloop
  endfacet
  facet normal 9.6966282e-02 -9.8451518e-01 1.4603903e-01
    outer loop
      vertex -1.9415091e-01 9.7606253e-01 9.0198286e-01
      vertex -1.9134172e-01 9.6193977e-01 8.0490968e-01
      vertex 6.0055778e-17 9.8078528e-01 8.0490968e-01
    endloop
  endfacet
  facet normal 2.8717249e-01 -9.4668081e-01 1.4603903e-01
    outer loop
      vertex -1.9415091e-01 9.7606253e-01 9.0198286e-01
      vertex -3.8084071e-01 9.1943080e-01 9.0198286e-01
      vertex -1.9134172e-01 9.6193977e-01 8.0490968e-01
    endloop
  endfacet
  facet normal 2.8717249e-01 -9.4668081e-01 1.4603903e-01
    outer loop
      vertex -3.8084071e-01 9.1943080e-01 9.0198286e-01
      vertex -3.7533028e-01 9.0612745e-01 8.0490968e-01
      vertex -1.9134172e-01 9.6193977e-01 8.0490968e-01
    endloop
  endfacet
  facet normal 4.6634281e-01 -8.7246604e-01 1.4603903e-01
    outer loop
      vertex -3.8084071e-01 9.1943080e-01 9.0198286e-01
      vertex -5.5289501e-01 8.2746586e-01 9.0198286e-01
      vertex -3.7533028e-01 9.0612745e-01 8.0490968e-01
    endloop
  endfacet
  facet normal 4.6634281e-01 -8.7246604e-01 1.4603903e-01
    outer loop
      vertex -5.5289501e-01 8.2746586e-01 9.0198286e-01
      vertex -5.4489511e-01 8.1549316e-01 8.0490968e-01
      vertex -3.7533028e-01 9.0612745e-01 8.0490968e-01
    endloop
  endfacet
  facet normal 6.2759185e-01 -7.6472288e-01 1.4603903e-01
    outer loop
      vertex -5.5289501e-01 8.2746586e-01 9.0198286e-01
      vertex -7.0370187e-01 7.0370187e-01 9.0198286e-01
      vertex -5.4489511e-01 8.1549316e-01 8.0490968e-01
    endloop
  endfacet
  facet normal 6.2759185e-01 -7.6472288e-01 1.4603903e-01
    outer loop
      vertex -7.0370187e-01 7.0370187e-01 9.0198286e-01
      vertex -6.9351992e-01 6.9351992e-01 8.0490968e-01
      vertex -5.4489511e-01 8.1549316e-01 8.0490968e-01
    endloop
  endfacet
  facet normal 7.6472288e-01 -6.2759185e-01 1.4603903e-01
    outer loop
      vertex -7.0370187e-01 7.0370187e-01 9.0198286e-01
      vertex -8.2746586e-01 5.5289501e-01 9.0198286e-01
      vertex -6.9351992e-01 6.9351992e-01 8.0490968e-01
    endloop
  endfacet
  facet normal 7.6472288e-01 -6.2759185e-01 1.4603903e-01
    outer loop
      vertex -8.2746586e-01 5.5289501e-01 9.0198286e-01
      vertex -8.1549316e-01 5.4489511e-01 8.0490968e-01
      vertex -6.9351992e-01 6.9351992e-01 8.0490968e-01
    endloop
  endfacet
  facet normal 8.7246604e-01 -4.6634281e-01 1.4603903e-01
    outer loop
      vertex -8.2746586e-01 5.5289501e-01 9.0198286e-01
      vertex -9.1943080e-01 3.8084071e-01 9.0198286e-01
      vertex -8.1549316e-01 5.4489511e-01 8.0490968e-01
    endloop
  endfacet
  facet normal 8.7246604e-01 -4.6634281e-01 1.4603903e-01
    outer loop
      vertex -9.1943080e-01 3.8084071e-01 9.0198286e-01
      vertex -9.0612745e-01 3.7533028e-01 8.0490968e-01
      vertex -8.1549316e-01 5.4489511e-01 8.0490968e-01
    endloop
  endfacet
  facet normal 9.4668081e-01 -2.8717249e-01 1.4603903e-01
    outer loop
      vertex -9.1943080e-01 3.8084071e-01 9.0198286e-01
      vertex -9.7606253e-01 1.9415091e-01 9.0198286e-01
      vertex -9.0612745e-01 3.7533028e-01 8.0490968e-01
    endloop
  endfacet
  facet normal 9.4668081e-01 -2.8717249e-01 1.4603903e-01
    outer loop
      vertex -9.7606253e-01 1.9415091e-01 9.0198286e-01
      vertex -9.6193977e-01 1.9134172e-01 8.0490968e-01
      vertex -9.0612745e-01 3.7533028e-01 8.0490968e-01
    endloop
  endfacet
  facet normal 9.8451518e-01 -9.6966282e-02 1.4603903e-01
    outer loop
      vertex -9.7606253e-01 1.9415091e-01 9.0198286e-01
      vertex -9.9518473e-01 1.2187498e-16 9.0198286e-01
      vertex -9.6193977e-01 1.9134172e-01 8.0490968e-01
    endloop
  endfacet
  facet normal 9.8451518e-01 -9.6966282e-02 1.4603903e-01
    outer loop
      vertex -9.9518473e-01 1.2187498e-16 9.0198286e-01
      vertex -9.8078528e-01 1.2011156e-16 8.0490968e-01
      vertex -9.6193977e-01 1.9134172e-01 8.0490968e-01
    endloop
  endfacet
  facet normal 9.8451518e-01 9.6966282e-02 1.4603903e-01
    outer loop
      vertex -9.9518473e-01 1.2187498e-16 9.0198286e-01
      vertex -9.7606253e-01 -1.9415091e-01 9.0198286e-01
      vertex -9.8078528e-01 1.2011156e-16 8.0490968e-01
    endloop
  endfacet
  facet normal 9.8451518e-01 9.6966282e-02 1.4603903e-01
    outer loop
      vertex -9.7606253e-01 -1.9415091e-01 9.0198286e-01
      vertex -9.6193977e-01 -1.9134172e-01 8.0490968e-01
      vertex -9.8078528e-01 1.2011156e-16 8.0490968e-01
    endloop
  endfacet
  facet normal 9.4668081e-01 2.8717249e-01 1.4603903e-01
    outer loop
      vertex -9.7606253e-01 -1.9415091e-01 9.0198286e-01
      vertex -9.1943080e-01 -3.8084071e-01 9.0198286e-01
      vertex -9.6193977e-01 -1.9134172e-01 8.0490968e-01
    endloop
  endfacet
  facet normal 9.4668081e-01 2.8717249e-01 1.4603903e-01
    outer loop
      vertex -9.1943080e-01 -3.8084071e-01 9.0198286e-01
      vertex -9.0612745e-01 -3.7533028e-01 8.0490968e-01
      vertex -9.6193977e-01 -1.9134172e-01 8.0490968e-01
    endloop
  endfacet
  facet normal 8.7246604e-01 4.6634281e-01 1.4603903e-01
    outer loop
      vertex -9.1943080e-01 -3.8084071e-01 9.0198286e-01
      vertex -8.2746586e-01 -5.5289501e-01 9.0198286e-01
      vertex -9.0612745e-01 -3.7533028e-01 8.0490968e-01
    endloop
  endfacet
  facet normal 8.7246604e-01 4.6634281e-01 1.4603903e-01
    outer loop
      vertex -8.2746586e-01 -5.5289501e-01 9.0198286e-01
      vertex -8.1549316e-01 -5.4489511e-01 8.0490968e-01
      vertex -9.0612745e-01 -3.7533028e-01 8.0490968e-01
    endloop
  endfacet
  facet normal 7.6472288e-01 6.2759185e-01 1.4603903e-01
    outer loop
      vertex -8.2746586e-01 -5.5289501e-01 9.0198286e-01
      vertex -7.0370187e-01 -7.0370187e-01 9.0198286e-01
      vertex -8.1549316e-01 -5.4489511e-01 8.0490968e-01
    endloop
  endfacet
  facet normal 7.6472288e-01 6.2759185e-01 1.4603903e-01
    outer loop
      vertex -7.0370187e-01 -7.0370187e-01 9.0198286e-01
      vertex -6.9351992e-01 -6.9351992e-01 8.0490968e-01
      vertex -8.1549316e-01 -5.4489511e-01 8.0490968e-01
    endloop
  endfacet
  facet normal 6.2759185e-01 7.6472288e-01 1.4603903e-01
    outer loop
      vertex -7.0370187e-01 -7.0370187e-01 9.0198286e-01
      vertex -5.5289501e-01 -8.2746586e-01 9.0198286e-01
      vertex -6.9351992e-01 -6.9351992e-01 8.0490968e-01
    endloop
  endfacet
  facet normal 6.2759185e-01 7.6472288e-01 1.4603903e-01
    outer loop
      vertex -5.5289501e-01 -8.2746586e-01 9.0198286e-01
      vertex -5.4489511e-01 -8.1549316e-01 8.0490968e-01
      vertex -6.9351992e-01 -6.9351992e-01 8.0490968e-01
    endloop
  endfacet
  facet normal 4.6634281e-01 8.7246604e-01 1.4603903e-01
    outer loop
      vertex -5.5289501e-01 -8.2746586e-01 9.0198286e-01
      vertex -3.8084071e-01 -9.1943080e-01 9.0198286e-01
      vertex -5.4489511e-01 -8.1549316e-01 8.0490968e-01
    endloop
  endfacet
  facet normal 4.6634281e-01 8.7246604e-01 1.4603903e-01
    outer loop
      vertex -3.8084071e-01 -9.1943080e-01 9.0198286e-01
      vertex -3.7533028e-01 -9.0612745e-01 8.0490968e-01
      vertex -5.4489511e-01 -8.1549316e-01 8.0490968e-01
    endloop
  endfacet
  facet normal 2.8717249e-01 9.4668081e-01 1.4603903e-01
    outer loop
      vertex -3.8084071e-01 -9.1943080e-01 9.0198286e-01
      vertex -1.9415091e-01 -9.7606253e-01 9.0198286e-01
      vertex -3.7533028e-01 -9.0612745e-01 8.0490968e-01
    endloop
  endfacet
  facet normal 2.8717249e-01 9.4668081e-01 1.4603903e-01
    outer loop
      vertex -1.9415091e-01 -9.7606253e-01 9.0198286e-01
      vertex -1.9134172e-01 -9.6193977e-01 8.0490968e-01
      vertex -3.7533028e-01 -9.0612745e-01 8.0490968e-01
    endloop
  endfacet
  facet normal 9.6966282e-02 9.8451518e-01 1.4603903e-01
    outer loop
      vertex -1.9415091e-01 -9.7606253e-01 9.0198286e-01
      vertex -1.8281247e-16 -9.9518473e-01 9.0198286e-01
      vertex -1.9134172e-01 -9.6193977e-01 8.0490968e-01
    endloop
  endfacet
  facet normal 9.6966282e-02 9.8451518e-01 1.4603903e-01
    outer loop
      vertex -1.8281247e-16 -9.9518473e-01 9.0198286e-01
      vertex -1.8016733e-16 -9.8078528e-01 8.0490968e-01
      vertex -1.9134172e-01 -9.6193977e-01 8.0490968e-01
    endloop
  endfacet
  facet normal -9.6966282e-02 9.8451518e-01 1.4603903e-01
    outer loop
      vertex -1.8281247e-16 -9.9518473e-01 9.0198286e-01
      vertex 1.9415091e-01 -9.7606253e-01 9.0198286e-01
      vertex -1.8016733e-16 -9.8078528e-01 8.0490968e-01
    endloop
  endfacet
  facet normal -9.6966282e-02 9.8451518e-01 1.4603903e-01
    outer loop
      vertex 1.9415091e-01 -9.7606253e-01 9.0198286e-01
      vertex 1.9134172e-01 -9.6193977e-01 8.0490968e-01
      vertex -1.8016733e-16 -9.8078528e-01 8.0490968e-01
    endloop
  endfacet
  facet normal -2.8717249e-01 9.4668081e-01 1.4603903e-01
    outer loop
      vertex 1.9415091e-01 -9.7606253e-01 9.0198286e-01
      vertex 3.8084071e-01 -9.1943080e-01 9.0198286e-01
      vertex 1.9134172e-01 -9.6193977e-01 8.0490968e-01
    endloop
  endfacet
  facet normal -2.8717249e-01 9.4668081e-01 1.4603903e-01
    outer loop
      vertex 3.8084071e-01 -9.1943080e-01 9.0198286e-01
      vertex 3.7533028e-01 -9.0612745e-01 8.0490968e-01
      vertex 1.9134172e-01 -9.6193977e-01 8.0490968e-01
    endloop
  endfacet
  facet normal -4.6634281e-01 8.7246604e-01 1.4603903e-01
    outer loop
      vertex 3.8084071e-01 -9.1943080e-01 9.0198286e-01
      vertex 5.5289501e-01 -8.2746586e-01 9.0198286e-01
      vertex 3.7533028e-01 -9.0612745e-01 8.0490968e-01
    endloop
  endfacet
  facet normal -4.6634281e-01 8.7246604e-01 1.4603903e-01
    outer loop
      vertex 5.5289501e-01 -8.2746586e-01 9.0198286e-01
      vertex 5.4489511e-01 -8.1549316e-01 8.0490968e-01
      vertex 3.7533028e-01 -9.0612745e-01 8.0490968e-01
    endloop
  endfacet
  facet normal -6.2759185e-01 7.6472288e-01 1.4603903e-01
    outer loop
      vertex 5.5289501e-01 -8.2746586e-01 9.0198286e-01
      vertex 7.0370187e-01 -7.0370187e-01 9.0198286e-01
      vertex 5.4489511e-01 -8.1549316e-01 8.0490968e-01
    endloop
  endfacet
  facet normal -6.2759185e-01 7.6472288e-01 1.4603903e-01
    outer loop
      vertex 7.0370187e-01 -7.0370187e-01 9.0198286e-01
      vertex 6.9351992e-01 -6.9351992e-01 8.0490968e-01
      vertex 5.4489511e-01 -8.1549316e-01 8.0490968e-01
    endloop
  endfacet
  facet normal -7.6472288e-01 6.2759185e-01 1.4603903e-01
    outer loop
      vertex 7.0370187e-01 -7.0370187e-01 9.0198286e-01
      vertex 8.2746586e-01 -5.5289501e-01 9.0198286e-01
      vertex 6.9351992e-01 -6.9351992e-01 8.0490968e-01
    endloop
  endfacet
  facet normal -7.6472288e-01 6.2759185e-01 1.4603903e-01
    outer loop
      vertex 8.2746586e-01 -5.5289501e-01 9.0198286e-01
      vertex 8.1549316e-01 -5.4489511e-01 8.0490968e-01
      vertex 6.9351992e-01 -6.9351992e-01 8.0490968e-01
    endloop
  endfacet
  facet normal -8.7246604e-01 4.6634281e-01 1.4603903e-01
    outer loop
      vertex 8.2746586e-01 -5.5289501e-01 9.0198286e-01
      vertex 9.1943080e-01 -3.8084071e-01 9.0198286e-01
      vertex 8.1549316e-01 -5.4489511e-01 8.0490968e-01
    endloop
  endfacet
  facet normal -8.7246604e-01 4.6634281e-01 1.4603903e-01
    outer loop
      vertex 9.1943080e-01 -3.8084071e-01 9.0198286e-01
      vertex 9.0612745e-01 -3.7533028e-01 8.0490968e-01
      vertex 8.1549316e-01 -5.4489511e-01 8.0490968e-01
    endloop
  endfacet
  facet normal -9.4668081e-01 2.8717249e-01 1.4603903e-01
    outer loop
      vertex 9.1943080e-01 -3.8084071e-01 9.0198286e-01
      vertex 9.7606253e-01 -1.9415091e-01 9.0198286e-01
      vertex 9.0612745e-01 -3.7533028e-01 8.0490968e-01
    endloop
  endfacet
  facet normal -9.4668081e-01 2.8717249e-01 1.4603903e-01
    outer loop
      vertex 9.7606253e-01 -1.9415091e-01 9.0198286e-01
      vertex 9.6193977e-01 -1.9134172e-01 8.0490968e-01
      vertex 9.0612745e-01 -3.7533028e-01 8.0490968e-01
    endloop
  endfacet
  facet normal -9.8451518e-01 9.6966282e-02 1.4603903e-01
    outer loop
      vertex 9.7606253e-01 -1.9415091e-01 9.0198286e-01
      vertex 9.9518473e-01 0.0000000e+00 9.0198286e-01
      vertex 9.6193977e-01 -1.9134172e-01 8.0490968e-01
    endloop
  endfacet
  facet normal -9.8451518e-01 9.6966282e-02 1.4603903e-01
    outer loop
      vertex 9.9518473e-01 0.0000000e+00 9.0198286e-01
      vertex 9.8078528e-01 0.0000000e+00 8.0490968e-01
      vertex 9.6193977e-01 -1.9134172e-01 8.0490968e-01
    endloop
  endfacet
  facet normal -9.6563419e-01 -9.5106666e-02 2.4187877e-01
    outer loop
      vertex 9.8078528e-01 0.0000000e+00 8.0490968e-01
      vertex 9.6193977e-01 1.9134172e-01 8.0490968e-01
      vertex 9.5694034e-01 0.0000000e+00 7.0971532e-01
    endloop
  endfacet
  facet normal -9.6563419e-01 -9.5106666e-02 2.4187877e-01
    outer loop
      vertex 9.6193977e-01 1.9134172e-01 8.0490968e-01
      vertex 9.3855300e-01 1.8668980e-01 7.0971532e-01
      vertex 9.5694034e-01 0.0000000e+00 7.0971532e-01
    endloop
  endfacet
  facet normal -9.2852541e-01 -2.8166510e-01 2.4187877e-01
    outer loop
      vertex 9.6193977e-01 1.9134172e-01 8.0490968e-01
      vertex 9.0612745e-01 3.7533028e-01 8.0490968e-01
      vertex 9.3855300e-01 1.8668980e-01 7.0971532e-01
    endloop
  endfacet
  facet normal -9.2852541e-01 -2.8166510e-01 2.4187877e-01
    outer loop
      vertex 9.0612745e-01 3.7533028e-01 8.0490968e-01
      vertex 8.8409759e-01 3.6620521e-01 7.0971532e-01
      vertex 9.3855300e-01 1.8668980e-01 7.0971532e-01
    endloop
  endfacet
  facet normal -8.5573392e-01 -4.5739931e-01 2.4187877e-01
    outer loop
      vertex 9.0612745e-01 3.7533028e-01 8.0490968e-01
      vertex 8.1549316e-01 5.4489511e-01 8.0490968e-01
      vertex 8.8409759e-01 3.6620521e-01 7.0971532e-01
    endloop
  endfacet
  facet normal -8.5573392e-01 -4.5739931e-01 2.4187877e-01
    outer loop
      vertex 8.1549316e-01 5.4489511e-01 8.0490968e-01
      vertex 7.9566681e-01 5.3164757e-01 7.0971532e-01
      vertex 8.8409759e-01 3.6620521e-01 7.0971532e-01
    endloop
  endfacet
  facet normal -7.5005705e-01 -6.1555591e-01 2.4187877e-01
    outer loop
      vertex 8.1549316e-01 5.4489511e-01 8.0490968e-01
      vertex 6.9351992e-01 6.9351992e-01 8.0490968e-01
      vertex 7.9566681e-01 5.3164757e-01 7.0971532e-01
    endloop
  endfacet
  facet normal -7.5005705e-01 -6.1555591e-01 2.4187877e-01
    outer loop
      vertex 6.9351992e-01 6.9351992e-01 8.0490968e-01
      vertex 6.7665900e-01 6.7665900e-01 7.0971532e-01
      vertex 7.9566681e-01 5.3164757e-01 7.0971532e-01
    endloop
  endfacet
  facet normal -6.1555591e-01 -7.5005705e-01 2.4187877e-01
    outer loop
      vertex 6.9351992e-01 6.9351992e-01 8.0490968e-01
      vertex 5.4489511e-01 8.1549316e-01 8.0490968e-01
      vertex 6.7665900e-01 6.7665900e-01 7.0971532e-01
    endloop
  endfacet
  facet normal -6.1555591e-01 -7.5005705e-01 2.4187877e-01
    outer loop
      vertex 5.4489511e-01 8.1549316e-01 8.0490968e-01
      vertex 5.3164757e-01 7.9566681e-01 7.0971532e-01
      vertex 6.7665900e-01 6.7665900e-01 7.0971532e-01
    endloop
  endfacet
  facet normal -4.5739931e-01 -8.5573392e-01 2.4187877e-01
    outer loop
      vertex 5.4489511e-01 8.1549316e-01 8.0490968e-01
      vertex 3.7533028e-01 9.0612745e-01 8.0490968e-01
      vertex 5.3164757e-01 7.9566681e-01 7.0971532e-01
    endloop
  endfacet
  facet normal -4.5739931e-01 -8.5573392e-01 2.4187877e-01
    outer loop
      vertex 3.7533028e-01 9.0612745e-01 8.0490968e-01
      vertex 3.6620521e-01 8.8409759e-01 7.0971532e-01
      vertex 5.3164757e-01 7.9566681e-01 7.0971532e-01
    endloop
  endfacet
  facet normal -2.8166510e-01 -9.2852541e-01 2.4187877e-01
    outer loop
      vertex 3.7533028e-01 9.0612745e-01 8.0490968e-01
      vertex 1.9134172e-01 9.6193977e-01 8.0490968e-01
      vertex 3.6620521e-01 8.8409759e-01 7.0971532e-01
    endloop
  endfacet
  facet normal -2.8166510e-01 -9.2852541e-01 2.4187877e-01
    outer loop
      vertex 1.9134172e-01 9.6193977e-01 8.0490968e-01
      vertex 1.8668980e-01 9.3855300e-01 7.0971532e-01
      vertex 3.6620521e-01 8.8409759e-01 7.0971532e-01
    endloop
  endfacet
  facet normal -9.5106666e-02 -9.6563419e-01 2.4187877e-01
    outer loop
      vertex 1.9134172e-01 9.6193977e-01 8.0490968e-01
      vertex 6.0055778e-17 9.8078528e-01 8.0490968e-01
      vertex 1.8668980e-01 9.3855300e-01 7.0971532e-01
    endloop
  endfacet
  facet normal -9.5106666e-02 -9.6563419e-01 2.4187877e-01
    outer loop
      vertex 6.0055778e-17 9.8078528e-01 8.0490968e-01
      vertex 5.8595696e-17 9.5694034e-01 7.0971532e-01
      vertex 1.8668980e-01 9.3855300e-01 7.0971532e-01
    endloop
  endfacet
  facet normal 9.5106666e-02 -9.6563419e-01 2.4187877e-01
    outer loop
      vertex 6.0055778e-17 9.8078528e-01 8.0490968e-01
      vertex -1.9134172e-01 9.6193977e-01 8.0490968e-01
      vertex 5.8595696e-17 9.5694034e-01 7.0971532e-01
    endloop
  endfacet
  facet normal 9.5106666e-02 -9.6563419e-01 2.4187877e-01
    outer loop
      vertex -1.9134172e-01 9.6193977e-01 8.0490968e-01
      vertex -1.8668980e-01 9.3855300e-01 7.0971532e-01
      vertex 5.8595696e-17 9.5694034e-01 7.0971532e-01
    endloop
  endfacet
  facet normal 2.8166510e-01 -9.2852541e-01 2.4187877e-01
    outer loop
      vertex -1.9134172e-01 9.6193977e-01 8.0490968e-01
      vertex -3.7533028e-01 9.0612745e-01 8.0490968e-01
      vertex -1.8668980e-01 9.3855300e-01 7.0971532e-01
    endloop
  endfacet
  facet normal 2.8166510e-01 -9.2852541e-01 2.4187877e-01
    outer loop
      vertex -3.7533028e-01 9.0612745e-01 8.0490968e-01
      vertex -3.6620521e-01 8.8409759e-01 7.0971532e-01
      vertex -1.8668980e-01 9.3855300e-01 7.0971532e-01
    endloop
  endfacet
  facet normal 4.5739931e-01 -8.5573392e-01 2.4187877e-01
    outer loop
      vertex -3.7533028e-01 9.0612745e-01 8.0490968e-01
      vertex -5.4489511e-01 8.1549316e-01 8.0490968e-01
      vertex -3.6620521e-01 8.8409759e-01 7.0971532e-01
    endloop
  endfacet
  facet normal 4.5739931e-01 -8.5573392e-01 2.4187877e-01
    outer loop
      vertex -5.4489511e-01 8.1549316e-01 8.0490968e-01
      vertex -5.3164757e-01 7.9566681e-01 7.0971532e-01
      vertex -3.6620521e-01 8.8409759e-01 7.0971532e-01
    endloop
  endfacet
  facet normal 6.1555591e-01 -7.5005705e-01 2.4187877e-01
    outer loop
      vertex -5.4489511e-01 8.1549316e-01 8.0490968e-01
      vertex -6.9351992e-01 6.9351992e-01 8.0490968e-01
      vertex -5.3164757e-01 7.9566681e-01 7.0971532e-01
    endloop
  endfacet
  facet normal 6.1555591e-01 -7.5005705e-01 2.4187877e-01
    outer loop
      vertex -6.9351992e-01 6.9351992e-01 8.0490968e-01
      vertex -6.7665900e-01 6.7665900e-01 7.0971532e-01
      vertex -5.3164757e-01 7.9566681e-01 7.0971532e-01
    endloop
  endfacet
  facet normal 7.5005705e-01 -6.1555591e-01 2.4187877e-01
    outer loop
      vertex -6.9351992e-01 6.9351992e-01 8.0490968e-01
      vertex -8.1549316e-01 5.4489511e-01 8.0490968e-01
      vertex -6.7665900e-01 6.7665900e-01 7.0971532e-01
    endloop
  endfacet
  facet normal 7.5005705e-01 -6.1555591e-01 2.4187877e-01
    outer loop
      vertex -8.1549316e-01 5.4489511e-01 8.0490968e-01
      vertex -7.9566681e-01 5.3164757e-01 7.0971532e-01
      vertex -6.7665900e-01 6.7665900e-01 7.0971532e-01
    endloop
  endfacet
  facet normal 8.5573392e-01 -4.5739931e-01 2.4187877e-01
    outer loop
      vertex -8.1549316e-01 5.4489511e-01 8.0490968e-01
      vertex -9.0612745e-01 3.7533028e-01 8.0490968e-01
      vertex -7.9566681e-01 5.3164757e-01 7.0971532e-01
    endloop
  endfacet
  facet normal 8.5573392e-01 -4.5739931e-01 2.4187877e-01
    outer loop
      vertex -9.0612745e-01 3.7533028e-01 8.0490968e-01
      vertex -8.8409759e-01 3.6620521e-01 7.0971532e-01
      vertex -7.9566681e-01 5.3164757e-01 7.0971532e-01
    endloop
  endfacet
  facet normal 9.2852541e-01 -2.8166510e-01 2.4187877e-01
    outer loop
      vertex -9.0612745e-01 3.7533028e-01 8.0490968e-01
      vertex -9.6193977e-01 1.9134172e-01 8.0490968e-01
      vertex -8.8409759e-01 3.6620521e-01 7.0971532e-01
    endloop
  endfacet
  facet normal 9.2852541e-01 -2.8166510e-01 2.4187877e-01
    outer loop
      vertex -9.6193977e-01 1.9134172e-01 8.0490968e-01
      vertex -9.3855300e-01 1.8668980e-01 7.0971532e-01
      vertex -8.8409759e-01 3.6620521e-01 7.0971532e-01
    endloop
  endfacet
  facet normal 9.6563419e-01 -9.5106666e-02 2.4187877e-01
    outer loop
      vertex -9.6193977e-01 1.9134172e-01 8.0490968e-01
      vertex -9.8078528e-01 1.2011156e-16 8.0490968e-01
      vertex -9.3855300e-01 1.8668980e-01 7.0971532e-01
    endloop
  endfacet
  facet normal 9.6563419e-01 -9.5106666e-02 2.4187877e-01
    outer loop
      vertex -9.8078528e-01 1.2011156e-16 8.0490968e-01
      vertex -9.5694034e-01 1.1719139e-16 7.0971532e-01
      vertex -9.3855300e-01 1.8668980e-01 7.0971532e-01
    endloop
  endfacet
  facet normal 9.6563419e-01 9.5106666e-02 2.4187877e-01
    outer loop
      vertex -9.8078528e-01 1.2011156e-16 8.0490968e-01
      vertex -9.6193977e-01 -1.9134172e-01 8.0490968e-01
      vertex -9.5694034e-01 1.1719139e-16 7.0971532e-01
    endloop
  endfacet
  facet normal 9.6563419e-01 9.5106666e-02 2.4187877e-01
    outer loop
      vertex -9.6193977e-01 -1.9134172e-01 8.0490968e-01
      vertex -9.3855300e-01 -1.8668980e-01 7.0971532e-01
      vertex -9.5694034e-01 1.1719139e-16 7.0971532e-01
    endloop
  endfacet
  facet normal 9.2852541e-01 2.8166510e-01 2.4187877e-01
    outer loop
      vertex -9.6193977e-01 -1.9134172e-01 8.0490968e-01
      vertex -9.0612745e-01 -3.7533028e-01 8.0490968e-01
      vertex -9.3855300e-01 -1.8668980e-01 7.0971532e-01
    endloop
  endfacet
  facet normal 9.2852541e-01 2.8166510e-01 2.4187877e-01
    outer loop
      vertex -9.0612745e-01 -3.7533028e-01 8.0490968e-01
      vertex -8.8409759e-01 -3.6620521e-01 7.0971532e-01
      vertex -9.3855300e-01 -1.8668980e-01 7.0971532e-01
    endloop
  endfacet
  facet normal 8.5573392e-01 4.5739931e-01 2.4187877e-01
    outer loop
      vertex -9.0612745e-01 -3.7533028e-01 8.0490968e-01
      vertex -8.1549316e-01 -5.4489511e-01 8.0490968e-01
      vertex -8.8409759e-01 -3.6620521e-01 7.0971532e-01
    endloop
  endfacet
  facet normal 8.5573392e-01 4.5739931e-01 2.4187877e-01
    outer loop
      vertex -8.1549316e-01 -5.4489511e-01 8.0490968e-01
      vertex -7.9566681e-01 -5.3164757e-01 7.0971532e-01
      vertex -8.8409759e-01 -3.6620521e-01 7.0971532e-01
    endloop
  endfacet
  facet normal 7.5005705e-01 6.1555591e-01 2.4187877e-01
    outer loop
      vertex -8.1549316e-01 -5.4489511e-01 8.0490968e-01
      vertex -6.9351992e-01 -6.9351992e-01 8.0490968e-01
      vertex -7.9566681e-01 -5.3164757e-01 7.0971532e-01
    endloop
  endfacet
  facet normal 7.5005705e-01 6.1555591e-01 2.4187877e-01
    outer loop
      vertex -6.9351992e-01 -6.9351992e-01 8.0490968e-01
      vertex -6.7665900e-01 -6.7665900e-01 7.0971532e-01
      vertex -7.9566681e-01 -5.3164757e-01 7.0971532e-01
    endloop
  endfacet
  facet normal 6.1555591e-01 7.5005705e-01 2.4187877e-01
    outer loop
      vertex -6.9351992e-01 -6.9351992e-01 8.0490968e-01
      vertex -5.4489511e-01 -8.1549316e-01 8.0490968e-01
      vertex -6.7665900e-01 -6.7665900e-01 7.0971532e-01
    endloop
  endfacet
  facet normal 6.1555591e-01 7.5005705e-01 2.4187877e-01
    outer loop
      vertex -5.4489511e-01 -8.1549316e-01 8.0490968e-01
      vertex -5.3164757e-01 -7.9566681e-01 7.0971532e-01
      vertex -6.7665900e-01 -6.7665900e-01 7.0971532e-01
    endloop
  endfacet
  facet normal 4.5739931e-01 8.5573392e-01 2.4187877e-01
    outer loop
      vertex -5.4489511e-01 -8.1549316e-01 8.0490968e-01
      vertex -3.7533028e-01 -9.0612745e-01 8.0490968e-01
      vertex -5.3164757e-01 -7.9566681e-01 7.0971532e-01
    endloop
  endfacet
  facet normal 4.5739931e-01 8.5573392e-01 2.4187877e-01
    outer loop
      vertex -3.7533028e-01 -9.0612745e-01 8.0490968e-01
      vertex -3.6620521e-01 -8.8409759e-01 7.0971532e-01
      vertex -5.3164757e-01 -7.9566681e-01 7.0971532e-01
    endloop
  endfacet
  facet normal 2.8166510e-01 9.2852541e-01 2.4187877e-01
    outer loop
      vertex -3.7533028e-01 -9.0612745e-01 8.0490968e-01
      vertex -1.9134172e-01 -9.6193977e-01 8.0490968e-01
      vertex -3.6620521e-01 -8.8409759e-01 7.0971532e-01
    endloop
  endfacet
  facet normal 2.8166510e-01 9.2852541e-01 2.4187877e-01
    outer loop
      vertex -1.9134172e-01 -9.6193977e-01 8.0490968e-01
      vertex -1.8668980e-01 -9.3855300e-01 7.0971532e-01
      vertex -3.6620521e-01 -8.8409759e-01 7.0971532e-01
    endloop
  endfacet
  facet normal 9.5106666e-02 9.6563419e-01 2.4187877e-01
    outer loop
      vertex -1.9134172e-01 -9.6193977e-01 8.0490968e-01
      vertex -1.8016733e-16 -9.8078528e-01 8.0490968e-01
      vertex -1.8668980e-01 -9.3855300e-01 7.0971532e-01
    endloop
  endfacet
  facet normal 9.5106666e-02 9.6563419e-01 2.4187877e-01
    outer loop
      vertex -1.8016733e-16 -9.8078528e-01 8.0490968e-01
      vertex -1.7578709e-16 -9.5694034e-01 7.0971532e-01
      vertex -1.8668980e-01 -9.3855300e-01 7.0971532e-01
    endloop
  endfacet
  facet normal -9.5106666e-02 9.6563419e-01 2.4187877e-01
    outer loop
      vertex -1.8016733e-16 -9.8078528e-01 8.0490968e-01
      vertex 1.9134172e-01 -9.6193977e-01 8.0490968e-01
      vertex -1.7578709e-16 -9.5694034e-01 7.0971532e-01
    endloop
  endfacet
  facet normal -9.5106666e-02 9.6563419e-01 2.4187877e-01
    outer loop
      vertex 1.9134172e-01 -9.6193977e-01 8.0490968e-01
      vertex 1.8668980e-01 -9.3855300e-01 7.0971532e-01
      vertex -1.7578709e-16 -9.5694034e-01 7.0971532e-01
    endloop
  endfacet
  facet normal -2.8166510e-01 9.2852541e-01 2.4187877e-01
    outer loop
      vertex 1.9134172e-01 -9.6193977e-01 8.0490968e-01
      vertex 3.7533028e-01 -9.0612745e-01 8.0490968e-01
      vertex 1.8668980e-01 -9.3855300e-01 7.0971532e-01
    endloop
  endfacet
  facet normal -2.8166510e-01 9.2852541e-01 2.4187877e-01
    outer loop
      vertex 3.7533028e-01 -9.0612745e-01 8.0490968e-01
      vertex 3.6620521e-01 -8.8409759e-01 7.0971532e-01
      vertex 1.8668980e-01 -9.3855300e-01 7.0971532e-01
    endloop
  endfacet
  facet normal -4.5739931e-01 8.5573392e-01 2.4187877e-01
    outer loop
      vertex 3.7533028e-01 -9.0612745e-01 8.0490968e-01
      vertex 5.4489511e-01 -8.1549316e-01 8.0490968e-01
      vertex 3.6620521e-01 -8.8409759e-01 7.0971532e-01
    endloop
  endfacet
  facet normal -4.5739931e-01 8.5573392e-01 2.4187877e-01
    outer loop
      vertex 5.4489511e-01 -8.1549316e-01 8.0490968e-01
      vertex 5.3164757e-01 -7.9566681e-01 7.0971532e-01
      vertex 3.6620521e-01 -8.8409759e-01 7.0971532e-01
    endloop
  endfacet
  facet normal -6.1555591e-01 7.5005705e-01 2.4187877e-01
    outer loop
      vertex 5.4489511e-01 -8.1549316e-01 8.0490968e-01
      vertex 6.9351992e-01 -6.9351992e-01 8.0490968e-01
      vertex 5.3164757e-01 -7.9566681e-01 7.0971532e-01
    endloop
  endfacet
  facet normal -6.1555591e-01 7.5005705e-01 2.4187877e-01
    outer loop
      vertex 6.9351992e-01 -6.9351992e-01 8.0490968e-01
      vertex 6.7665900e-01 -6.7665900e-01 7.0971532e-01
      vertex 5.3164757e-01 -7.9566681e-01 7.0971532e-01
    endloop
  endfacet
  facet normal -7.5005705e-01 6.1555591e-01 2.4187877e-01
    outer loop
      vertex 6.9351992e-01 -6.9351992e-01 8.0490968e-01
      vertex 8.1549316e-01 -5.4489511e-01 8.0490968e-01
      vertex 6.7665900e-01 -6.7665900e-01 7.0971532e-01
    endloop
  endfacet
  facet normal -7.5005705e-01 6.1555591e-01 2.4187877e-01
    outer loop
      vertex 8.1549316e-01 -5.4489511e-01 8.0490968e-01
      vertex 7.9566681e-01 -5.3164757e-01 7.0971532e-01
      vertex 6.7665900e-01 -6.7665900e-01 7.0971532e-01
    endloop
  endfacet
  facet normal -8.5573392e-01 4.5739931e-01 2.4187877e-01
    outer loop
      vertex 8.1549316e-01 -5.4489511e-01 8.0490968e-01
      vertex 9.0612745e-01 -3.7533028e-01 8.0490968e-01
      vertex 7.9566681e-01 -5.3164757e-01 7.0971532e-01
    endloop
  endfacet
  facet normal -8.5573392e-01 4.5739931e-01 2.4187877e-01
    outer loop
      vertex 9.0612745e-01 -3.7533028e-01 8.0490968e-01
      vertex 8.8409759e-01 -3.6620521e-01 7.0971532e-01
      vertex 7.9566681e-01 -5.3164757e-01 7.0971532e-01
    endloop
  endfacet
  facet normal -9.2852541e-01 2.8166510e-01 2.4187877e-01
    outer loop
      vertex 9.0612745e-01 -3.7533028e-01 8.0490968e-01
      vertex 9.6193977e-01 -1.9134172e-01 8.0490968e-01
      vertex 8.8409759e-01 -3.6620521e-01 7.0971532e-01
    endloop
  endfacet
  facet normal -9.2852541e-01 2.8166510e-01 2.4187877e-01
    outer loop
      vertex 9.6193977e-01 -1.9134172e-01 8.0490968e-01
      vertex 9.3855300e-01 -1.8668980e-01 7.0971532e-01
      vertex 8.8409759e-01 -3.6620521e-01 7.0971532e-01
    endloop
  endfacet
  facet normal -9.6563419e-01 9.5106666e-02 2.4187877e-01
    outer loop
      vertex 9.6193977e-01 -1.9134172e-01 8.0490968e-01
      vertex 9.8078528e-01 0.0000000e+00 8.0490968e-01
      vertex 9.3855300e-01 -1.8668980e-01 7.0971532e-01
    endloop
  endfacet
  facet normal -9.6563419e-01 9.5106666e-02 2.4187877e-01
    outer loop
      vertex 9.8078528e-01 0.0000000e+00 8.0490968e-01
      vertex 9.5694034e-01 0.0000000e+00 7.0971532e-01
      vertex 9.3855300e-01 -1.8668980e-01 7.0971532e-01
    endloop
  endfacet
  facet normal -9.3752154e-01 -9.2337812e-02 3.3545057e-01
    outer loop
      vertex 9.5694034e-01 0.0000000e+00 7.0971532e-01
      vertex 9.3855300e-01 1.8668980e-01 7.0971532e-01
      vertex 9.2387953e-01 0.0000000e+00 6.1731657e-01
    endloop
  endfacet
  facet normal -9.3752154e-01 -9.2337812e-02 3.3545057e-01
    outer loop
      vertex 9.3855300e-01 1.8668980e-01 7.0971532e-01
      vertex 9.0612745e-01 1.8023996e-01 6.1731657e-01
      vertex 9.2387953e-01 0.0000000e+00 6.1731657e-01
    endloop
  endfacet
  facet normal -9.0149312e-01 -2.7346495e-01 3.3545057e-01
    outer loop
      vertex 9.3855300e-01 1.8668980e-01 7.0971532e-01
      vertex 8.8409759e-01 3.6620521e-01 7.0971532e-01
      vertex 9.0612745e-01 1.8023996e-01 6.1731657e-01
    endloop
  endfacet
  facet normal -9.0149312e-01 -2.7346495e-01 3.3545057e-01
    outer loop
      vertex 8.8409759e-01 3.6620521e-01 7.0971532e-01
      vertex 8.5355339e-01 3.5355339e-01 6.1731657e-01
      vertex 9.0612745e-01 1.8023996e-01 6.1731657e-01
    endloop
  endfacet
  facet normal -8.3082081e-01 -4.4408298e-01 3.3545057e-01
    outer loop
      vertex 8.8409759e-01 3.6620521e-01 7.0971532e-01
      vertex 7.9566681e-01 5.3164757e-01 7.0971532e-01
      vertex 8.5355339e-01 3.5355339e-01 6.1731657e-01
    endloop
  endfacet
  facet normal -8.3082081e-01 -4.4408298e-01 3.3545057e-01
    outer loop
      vertex 7.9566681e-01 5.3164757e-01 7.0971532e-01
      vertex 7.6817776e-01 5.1327997e-01 6.1731657e-01
      vertex 8.5355339e-01 3.5355339e-01 6.1731657e-01
    endloop
  endfacet
  facet normal -7.2822053e-01 -5.9763515e-01 3.3545057e-01
    outer loop
      vertex 7.9566681e-01 5.3164757e-01 7.0971532e-01
      vertex 6.7665900e-01 6.7665900e-01 7.0971532e-01
      vertex 7.6817776e-01 5.1327997e-01 6.1731657e-01
    endloop
  endfacet
  facet normal -7.2822053e-01 -5.9763515e-01 3.3545057e-01
    outer loop
      vertex 6.7665900e-01 6.7665900e-01 7.0971532e-01
      vertex 6.5328148e-01 6.5328148e-01 6.1731657e-01
      vertex 7.6817776e-01 5.1327997e-01 6.1731657e-01
    endloop
  endfacet
  facet normal -5.9763515e-01 -7.2822053e-01 3.3545057e-01
    outer loop
      vertex 6.7665900e-01 6.7665900e-01 7.0971532e-01
      vertex 5.3164757e-01 7.9566681e-01 7.0971532e-01
      vertex 6.5328148e-01 6.5328148e-01 6.1731657e-01
    endloop
  endfacet
  facet normal -5.9763515e-01 -7.2822053e-01 3.3545057e-01
    outer loop
      vertex 5.3164757e-01 7.9566681e-01 7.0971532e-01
      vertex 5.1327997e-01 7.6817776e-01 6.1731657e-01
      vertex 6.5328148e-01 6.5328148e-01 6.1731657e-01
    endloop
  endfacet
  facet normal -4.4408298e-01 -8.3082081e-01 3.3545057e-01
    outer loop
      vertex 5.3164757e-01 7.9566681e-01 7.0971532e-01
      vertex 3.6620521e-01 8.8409759e-01 7.0971532e-01
      vertex 5.1327997e-01 7.6817776e-01 6.1731657e-01
    endloop
  endfacet
  facet normal -4.4408298e-01 -8.3082081e-01 3.3545057e-01
    outer loop
      vertex 3.6620521e-01 8.8409759e-01 7.0971532e-01
      vertex 3.5355339e-01 8.5355339e-01 6.1731657e-01
      vertex 5.1327997e-01 7.6817776e-01 6.1731657e-01
    endloop
  endfacet
  facet normal -2.7346495e-01 -9.0149312e-01 3.3545057e-01
    outer loop
      vertex 3.6620521e-01 8.8409759e-01 7.0971532e-01
      vertex 1.8668980e-01 9.3855300e-01 7.0971532e-01
      vertex 3.5355339e-01 8.5355339e-01 6.1731657e-01
    endloop
  endfacet
  facet normal -2.7346495e-01 -9.0149312e-01 3.3545057e-01
    outer loop
      vertex 1.8668980e-01 9.3855300e-01 7.0971532e-01
      vertex 1.8023996e-01 9.0612745e-01 6.1731657e-01
      vertex 3.5355339e-01 8.5355339e-01 6.1731657e-01
    endloop
  endfacet
  facet normal -9.2337812e-02 -9.3752154e-01 3.3545057e-01
    outer loop
      vertex 1.8668980e-01 9.3855300e-01 7.0971532e-01
      vertex 5.8595696e-17 9.5694034e-01 7.0971532e-01
      vertex 1.8023996e-01 9.0612745e-01 6.1731657e-01
    endloop
  endfacet
  facet normal -9.2337812e-02 -9.3752154e-01 3.3545057e-01
    outer loop
      vertex 5.8595696e-17 9.5694034e-01 7.0971532e-01
      vertex 5.6571306e-17 9.2387953e-01 6.1731657e-01
      vertex 1.8023996e-01 9.0612745e-01 6.1731657e-01
    endloop
  endfacet
  facet normal 9.2337812e-02 -9.3752154e-01 3.3545057e-01
    outer loop
      vertex 5.8595696e-17 9.5694034e-01 7.0971532e-01
      vertex -1.8668980e-01 9.3855300e-01 7.0971532e-01
      vertex 5.6571306e-17 9.2387953e-01 6.1731657e-01
    endloop
  endfacet
  facet normal 9.2337812e-02 -9.3752154e-01 3.3545057e-01
    outer loop
      vertex -1.8668980e-01 9.3855300e-01 7.0971532e-01
      vertex -1.8023996e-01 9.0612745e-01 6.1731657e-01
      vertex 5.6571306e-17 9.2387953e-01 6.1731657e-01
    endloop
  endfacet
  facet normal 2.7346495e-01 -9.0149312e-01 3.3545057e-01
    outer loop
      vertex -1.8668980e-01 9.3855300e-01 7.0971532e-01
      vertex -3.6620521e-01 8.8409759e-01 7.0971532e-01
      vertex -1.8023996e-01 9.0612745e-01 6.1731657e-01
    endloop
  endfacet
  facet normal 2.7346495e-01 -9.0149312e-01 3.3545057e-01
    outer loop
      vertex -3.6620521e-01 8.8409759e-01 7.0971532e-01
      vertex -3.5355339e-01 8.5355339e-01 6.1731657e-01
      vertex -1.8023996e-01 9.0612745e-01 6.1731657e-01
    endloop
  endfacet
  facet normal 4.4408298e-01 -8.3082081e-01 3.3545057e-01
    outer loop
      vertex -3.6620521e-01 8.8409759e-01 7.0971532e-01
      vertex -5.3164757e-01 7.9566681e-01 7.0971532e-01
      vertex -3.5355339e-01 8.5355339e-01 6.1731657e-01
    endloop
  endfacet
  facet normal 4.4408298e-01 -8.3082081e-01 3.3545057e-01
    outer loop
      vertex -5.3164757e-01 7.9566681e-01 7.0971532e-01
      vertex -5.1327997e-01 7.6817776e-01 6.1731657e-01
      vertex -3.5355339e-01 8.5355339e-01 6.1731657e-01
    endloop
  endfacet
  facet normal 5.9763515e-01 -7.2822053e-01 3.3545057e-01
    outer loop
      vertex -5.3164757e-01 7.9566681e-01 7.0971532e-01
      vertex -6.7665900e-01 6.7665900e-01 7.0971532e-01
      vertex -5.1327997e-01 7.6817776e-01 6.1731657e-01
    endloop
  endfacet
  facet normal 5.9763515e-01 -7.2822053e-01 3.3545057e-01
    outer loop
      vertex -6.7665900e-01 6.7665900e-01 7.0971532e-01
      vertex -6.5328148e-01 6.5328148e-01 6.1731657e-01
      vertex -5.1327997e-01 7.6817776e-01 6.1731657e-01
    endloop
  endfacet
  facet normal 7.2822053e-01 -5.9763515e-01 3.3545057e-01
    outer loop
      vertex -6.7665900e-01 6.7665900e-01 7.0971532e-01
      vertex -7.9566681e-01 5.3164757e-01 7.0971532e-01
      vertex -6.5328148e-01 6.5328148e-01 6.1731657e-01
    endloop
  endfacet
  facet normal 7.2822053e-01 -5.9763515e-01 3.3545057e-01
    outer loop
      vertex -7.9566681e-01 5.3164757e-01 7.0971532e-01
      vertex -7.6817776e-01 5.1327997e-01 6.1731657e-01
      vertex -6.5328148e-01 6.5328148e-01 6.1731657e-01
    endloop
  endfacet
  facet normal 8.3082081e-01 -4.4408298e-01 3.3545057e-01
    outer loop
      vertex -7.9566681e-01 5.3164757e-01 7.0971532e-01
      vertex -8.8409759e-01 3.6620521e-01 7.0971532e-01
      vertex -7.6817776e-01 5.1327997e-01 6.1731657e-01
    endloop
  endfacet
  facet normal 8.3082081e-01 -4.4408298e-01 3.3545057e-01
    outer loop
      vertex -8.8409759e-01 3.6620521e-01 7.0971532e-01
      vertex -8.5355339e-01 3.5355339e-01 6.1731657e-01
      vertex -7.6817776e-01 5.1327997e-01 6.1731657e-01
    endloop
  endfacet
  facet normal 9.0149312e-01 -2.7346495e-01 3.3545057e-01
    outer loop
      vertex -8.8409759e-01 3.6620521e-01 7.0971532e-01
      vertex -9.3855300e-01 1.8668980e-01 7.0971532e-01
      vertex -8.5355339e-01 3.5355339e-01 6.1731657e-01
    endloop
  endfacet
  facet normal 9.0149312e-01 -2.7346495e-01 3.3545057e-01
    outer loop
      vertex -9.3855300e-01 1.8668980e-01 7.0971532e-01
      vertex -9.0612745e-01 1.8023996e-01 6.1731657e-01
      vertex -8.5355339e-01 3.5355339e-01 6.1731657e-01
    endloop
  endfacet
  facet normal 9.3752154e-01 -9.2337812e-02 3.3545057e-01
    outer loop
      vertex -9.3855300e-01 1.8668980e-01 7.0971532e-01
      vertex -9.5694034e-01 1.1719139e-16 7.0971532e-01
      vertex -9.0612745e-01 1.8023996e-01 6.1731657e-01
    endloop
  endfacet
  facet normal 9.3752154e-01 -9.2337812e-02 3.3545057e-01
    outer loop
      vertex -9.5694034e-01 1.1719139e-16 7.0971532e-01
      vertex -9.2387953e-01 1.1314261e-16 6.1731657e-01
      vertex -9.0612745e-01 1.8023996e-01 6.1731657e-01
    endloop
  endfacet
  facet normal 9.3752154e-01 9.2337812e-02 3.3545057e-01
    outer loop
      vertex -9.5694034e-01 1.1719139e-16 7.0971532e-01
      vertex -9.3855300e-01 -1.8668980e-01 7.0971532e-01
      vertex -9.2387953e-01 1.1314261e-16 6.1731657e-01
    endloop
  endfacet
  facet normal 9.3752154e-01 9.2337812e-02 3.3545057e-01
    outer loop
      vertex -9.3855300e-01 -1.8668980e-01 7.0971532e-01
      vertex -9.0612745e-01 -1.8023996e-01 6.1731657e-01
      vertex -9.2387953e-01 1.1314261e-16 6.1731657e-01
    endloop
  endfacet
  facet normal 9.0149312e-01 2.7346495e-01 3.3545057e-01
    outer loop
      vertex -9.3855300e-01 -1.8668980e-01 7.0971532e-01
      vertex -8.8409759e-01 -3.6620521e-01 7.0971532e-01
      vertex -9.0612745e-01 -1.8023996e-01 6.1731657e-01
    endloop
  endfacet
  facet normal 9.0149312e-01 2.7346495e-01 3.3545057e-01
    outer loop
      vertex -8.8409759e-01 -3.6620521e-01 7.0971532e-01
      vertex -8.5355339e-01 -3.5355339e-01 6.1731657e-01
      vertex -9.0612745e-01 -1.8023996e-01 6.1731657e-01
    endloop
  endfacet
  facet normal 8.3082081e-01 4.4408298e-01 3.3545057e-01
    outer loop
      vertex -8.8409759e-01 -3.6620521e-01 7.0971532e-01
      vertex -7.9566681e-01 -5.3164757e-01 7.0971532e-01
      vertex -8.5355339e-01 -3.5355339e-01 6.1731657e-01
    endloop
  endfacet
  facet normal 8.3082081e-01 4.4408298e-01 3.3545057e-01
    outer loop
      vertex -7.9566681e-01 -5.3164757e-01 7.0971532e-01
      vertex -7.6817776e-01 -5.1327997e-01 6.1731657e-01
      vertex -8.5355339e-01 -3.5355339e-01 6.1731657e-01
    endloop
  endfacet
  facet normal 7.2822053e-01 5.9763515e-01 3.3545057e-01
    outer loop
      vertex -7.9566681e-01 -5.3164757e-01 7.0971532e-01
      vertex -6.7665900e-01 -6.7665900e-01 7.0971532e-01
      vertex -7.6817776e-01 -5.1327997e-01 6.1731657e-01
    endloop
  endfacet
  facet normal 7.2822053e-01 5.9763515e-01 3.3545057e-01
    outer loop
      vertex -6.7665900e-01 -6.7665900e-01 7.0971532e-01
      vertex -6.5328148e-01 -6.5328148e-01 6.1731657e-01
      vertex -7.6817776e-01 -5.1327997e-01 6.1731657e-01
    endloop
  endfacet
  facet normal 5.9763515e-01 7.2822053e-01 3.3545057e-01
    outer loop
      vertex -6.7665900e-01 -6.7665900e-01 7.0971532e-01
      vertex -5.3164757e-01 -7.9566681e-01 7.0971532e-01
      vertex -6.5328148e-01 -6.5328148e-01 6.1731657e-01
    endloop
  endfacet
  facet normal 5.9763515e-01 7.2822053e-01 3.3545057e-01
    outer loop
      vertex -5.3164757e-01 -7.9566681e-01 7.0971532e-01
      vertex -5.1327997e-01 -7.6817776e-01 6.1731657e-01
      vertex -6.5328148e-01 -6.5328148e-01 6.1731657e-01
    endloop
  endfacet
  facet normal 4.4408298e-01 8.3082081e-01 3.3545057e-01
    outer loop
      vertex -5.3164757e-01 -7.9566681e-01 7.0971532e-01
      vertex -3.6620521e-01 -8.8409759e-01 7.0971532e-01
      vertex -5.1327997e-01 -7.6817776e-01 6.1731657e-01
    endloop
  endfacet
  facet normal 4.4408298e-01 8.3082081e-01 3.3545057e-01
    outer loop
      vertex -3.6620521e-01 -8.8409759e-01 7.0971532e-01
      vertex -3.5355339e-01 -8.5355339e-01 6.1731657e-01
      vertex -5.1327997e-01 -7.6817776e-01 6.1731657e-01
    endloop
  endfacet
  facet normal 2.7346495e-01 9.0149312e-01 3.3545057e-01
    outer loop
      vertex -3.6620521e-01 -8.8409759e-01 7.0971532e-01
      vertex -1.8668980e-01 -9.3855300e-01 7.0971532e-01
      vertex -3.5355339e-01 -8.5355339e-01 6.1731657e-01
    endloop
  endfacet
  facet normal 2.7346495e-01 9.0149312e-01 3.3545057e-01
    outer loop
      vertex -1.8668980e-01 -9.3855300e-01 7.0971532e-01
      vertex -1.8023996e-01 -9.0612745e-01 6.1731657e-01
      vertex -3.5355339e-01 -8.5355339e-01 6.1731657e-01
    endloop
  endfacet
  facet normal 9.2337812e-02 9.3752154e-01 3.3545057e-01
    outer loop
      vertex -1.8668980e-01 -9.3855300e-01 7.0971532e-01
      vertex -1.7578709e-16 -9.5694034e-01 7.0971532e-01
      vertex -1.8023996e-01 -9.0612745e-01 6.1731657e-01
    endloop
  endfacet
  facet normal 9.2337812e-02 9.3752154e-01 3.3545057e-01
    outer loop
      vertex -1.7578709e-16 -9.5694034e-01 7.0971532e-01
      vertex -1.6971392e-16 -9.2387953e-01 6.1731657e-01
      vertex -1.8023996e-01 -9.0612745e-01 6.1731657e-01
    endloop
  endfacet
  facet normal -9.2337812e-02 9.3752154e-01 3.3545057e-01
    outer loop
      vertex -1.7578709e-16 -9.5694034e-01 7.0971532e-01
      vertex 1.8668980e-01 -9.3855300e-01 7.0971532e-01
      vertex -1.6971392e-16 -9.2387953e-01 6.1731657e-01
    endloop
  endfacet
  facet normal -9.2337812e-02 9.3752154e-01 3.3545057e-01
    outer loop
      vertex 1.8668980e-01 -9.3855300e-01 7.0971532e-01
      vertex 1.8023996e-01 -9.0612745e-01 6.1731657e-01
      vertex -1.6971392e-16 -9.2387953e-01 6.1731657e-01
    endloop
  endfacet
  facet normal -2.7346495e-01 9.0149312e-01 3.3545057e-01
    outer loop
      vertex 1.8668980e-01 -9.3855300e-01 7.0971532e-01
      vertex 3.6620521e-01 -8.8409759e-01 7.0971532e-01
      vertex 1.8023996e-01 -9.0612745e-01 6.1731657e-01
    endloop
  endfacet
  facet normal -2.7346495e-01 9.0149312e-01 3.3545057e-01
    outer loop
      vertex 3.6620521e-01 -8.8409759e-01 7.0971532e-01
      vertex 3.5355339e-01 -8.5355339e-01 6.1731657e-01
      vertex 1.8023996e-01 -9.0612745e-01 6.1731657e-01
    endloop
  endfacet
  facet normal -4.4408298e-01 8.3082081e-01 3.3545057e-01
    outer loop
      vertex 3.6620521e-01 -8.8409759e-01 7.0971532e-01
      vertex 5.3164757e-01 -7.9566681e-01 7.0971532e-01
      vertex 3.5355339e-01 -8.5355339e-01 6.1731657e-01
    endloop
  endfacet
  facet normal -4.4408298e-01 8.3082081e-01 3.3545057e-01
    outer loop
      vertex 5.3164757e-01 -7.9566681e-01 7.0971532e-01
      vertex 5.1327997e-01 -7.6817776e-01 6.1731657e-01
      vertex 3.5355339e-01 -8.5355339e-01 6.1731657e-01
    endloop
  endfacet
  facet normal -5.9763515e-01 7.2822053e-01 3.3545057e-01
    outer loop
      vertex 5.3164757e-01 -7.9566681e-01 7.0971532e-01
      vertex 6.7665900e-01 -6.7665900e-01 7.0971532e-01
      vertex 5.1327997e-01 -7.6817776e-01 6.1731657e-01
    endloop
  endfacet
  facet normal -5.9763515e-01 7.2822053e-01 3.3545057e-01
    outer loop
      vertex 6.7665900e-01 -6.7665900e-01 7.0971532e-01
      vertex 6.5328148e-01 -6.5328148e-01 6.1731657e-01
      vertex 5.1327997e-01 -7.6817776e-01 6.1731657e-01
    endloop
  endfacet
  facet normal -7.2822053e-01 5.9763515e-01 3.3545057e-01
    outer loop
      vertex 6.7665900e-01 -6.7665900e-01 7.0971532e-01
      vertex 7.9566681e-01 -5.3164757e-01 7.0971532e-01
      vertex 6.5328148e-01 -6.5328148e-01 6.1731657e-01
    endloop
  endfacet
  facet normal -7.2822053e-01 5.9763515e-01 3.3545057e-01
    outer loop
      vertex 7.9566681e-01 -5.3164757e-01 7.0971532e-01
      vertex 7.6817776e-01 -5.1327997e-01 6.1731657e-01
      vertex 6.5328148e-01 -6.5328148e-01 6.1731657e-01
    endloop
  endfacet
  facet normal -8.3082081e-01 4.4408298e-01 3.3545057e-01
    outer loop
      vertex 7.9566681e-01 -5.3164757e-01 7.0971532e-01
      vertex 8.8409759e-01 -3.6620521e-01 7.0971532e-01
      vertex 7.6817776e-01 -5.1327997e-01 6.1731657e-01
    endloop
  endfacet
  facet normal -8.3082081e-01 4.4408298e-01 3.3545057e-01
    outer loop
      vertex 8.8409759e-01 -3.6620521e-01 7.0971532e-01
      vertex 8.5355339e-01 -3.5355339e-01 6.1731657e-01
      vertex 7.6817776e-01 -5.1327997e-01 6.1731657e-01
    endloop
  endfacet
  facet normal -9.0149312e-01 2.7346495e-01 3.3545057e-01
    outer loop
      vertex 8.8409759e-01 -3.6620521e-01 7.0971532e-01
      vertex 9.3855300e-01 -1.8668980e-01 7.0971532e-01
      vertex 8.5355339e-01 -3.5355339e-01 6.1731657e-01
    endloop
  endfacet
  facet normal -9.0149312e-01 2.7346495e-01 3.3545057e-01
    outer loop
      vertex 9.3855300e-01 -1.8668980e-01 7.0971532e-01
      vertex 9.0612745e-01 -1.8023996e-01 6.1731657e-01
      vertex 8.5355339e-01 -3.5355339e-01 6.1731657e-01
    endloop
  endfacet
  facet normal -9.3752154e-01 9.2337812e-02 3.3545057e-01
    outer loop
      vertex 9.3855300e-01 -1.8668980e-01 7.0971532e-01
      vertex 9.5694034e-01 0.0000000e+00 7.0971532e-01
      vertex 9.0612745e-01 -1.8023996e-01 6.1731657e-01
    endloop
  endfacet
  facet normal -9.3752154e-01 9.2337812e-02 3.3545057e-01
    outer loop
      vertex 9.5694034e-01 0.0000000e+00 7.0971532e-01
      vertex 9.2387953e-01 0.0000000e+00 6.1731657e-01
      vertex 9.0612745e-01 -1.8023996e-01 6.1731657e-01
    endloop
  endfacet
  facet normal -9.0042738e-01 -8.8684356e-02 4.2587043e-01
    outer loop
      vertex 9.2387953e-01 0.0000000e+00 6.1731657e-01
      vertex 9.0612745e-01 1.8023996e-01 6.1731657e-01
      vertex 8.8192126e-01 0.0000000e+00 5.2860326e-01
    endloop
  endfacet
  facet normal -9.0042738e-01 -8.8684356e-02 4.2587043e-01
    outer loop
      vertex 9.0612745e-01 1.8023996e-01 6.1731657e-01
      vertex 8.6497539e-01 1.7205430e-01 5.2860326e-01
      vertex 8.8192126e-01 0.0000000e+00 5.2860326e-01
    endloop
  endfacet
  facet normal -8.6582446e-01 -2.6264498e-01 4.2587043e-01
    outer loop
      vertex 9.0612745e-01 1.8023996e-01 6.1731657e-01
      vertex 8.5355339e-01 3.5355339e-01 6.1731657e-01
      vertex 8.6497539e-01 1.7205430e-01 5.2860326e-01
    endloop
  endfacet
  facet normal -8.6582446e-01 -2.6264498e-01 4.2587043e-01
    outer loop
      vertex 8.5355339e-01 3.5355339e-01 6.1731657e-01
      vertex 8.1478901e-01 3.3749666e-01 5.2860326e-01
      vertex 8.6497539e-01 1.7205430e-01 5.2860326e-01
    endloop
  endfacet
  facet normal -7.9794839e-01 -4.2651230e-01 4.2587043e-01
    outer loop
      vertex 8.5355339e-01 3.5355339e-01 6.1731657e-01
      vertex 7.6817776e-01 5.1327997e-01 6.1731657e-01
      vertex 8.1478901e-01 3.3749666e-01 5.2860326e-01
    endloop
  endfacet
  facet normal -7.9794839e-01 -4.2651230e-01 4.2587043e-01
    outer loop
      vertex 7.6817776e-01 5.1327997e-01 6.1731657e-01
      vertex 7.3329073e-01 4.8996920e-01 5.2860326e-01
      vertex 8.1478901e-01 3.3749666e-01 5.2860326e-01
    endloop
  endfacet
  facet normal -6.9940761e-01 -5.7398899e-01 4.2587043e-01
    outer loop
      vertex 7.6817776e-01 5.1327997e-01 6.1731657e-01
      vertex 6.5328148e-01 6.5328148e-01 6.1731657e-01
      vertex 7.3329073e-01 4.8996920e-01 5.2860326e-01
    endloop
  endfacet
  facet normal -6.9940761e-01 -5.7398899e-01 4.2587043e-01
    outer loop
      vertex 6.5328148e-01 6.5328148e-01 6.1731657e-01
      vertex 6.2361251e-01 6.2361251e-01 5.2860326e-01
      vertex 7.3329073e-01 4.8996920e-01 5.2860326e-01
    endloop
  endfacet
  facet normal -5.7398899e-01 -6.9940761e-01 4.2587043e-01
    outer loop
      vertex 6.5328148e-01 6.5328148e-01 6.1731657e-01
      vertex 5.1327997e-01 7.6817776e-01 6.1731657e-01
      vertex 6.2361251e-01 6.2361251e-01 5.2860326e-01
    endloop
  endfacet
  facet normal -5.7398899e-01 -6.9940761e-01 4.2587043e-01
    outer loop
      vertex 5.1327997e-01 7.6817776e-01 6.1731657e-01
      vertex 4.8996920e-01 7.3329073e-01 5.2860326e-01
      vertex 6.2361251e-01 6.2361251e-01 5.2860326e-01
    endloop
  endfacet
  facet normal -4.2651230e-01 -7.9794839e-01 4.2587043e-01
    outer loop
      vertex 5.1327997e-01 7.6817776e-01 6.1731657e-01
      vertex 3.5355339e-01 8.5355339e-01 6.1731657e-01
      vertex 4.8996920e-01 7.3329073e-01 5.2860326e-01
    endloop
  endfacet
  facet normal -4.2651230e-01 -7.9794839e-01 4.2587043e-01
    outer loop
      vertex 3.5355339e-01 8.5355339e-01 6.1731657e-01
      vertex 3.3749666e-01 8.1478901e-01 5.2860326e-01
      vertex 4.8996920e-01 7.3329073e-01 5.2860326e-01
    endloop
  endfacet
  facet normal -2.6264498e-01 -8.6582446e-01 4.2587043e-01
    outer loop
      vertex 3.5355339e-01 8.5355339e-01 6.1731657e-01
      vertex 1.8023996e-01 9.0612745e-01 6.1731657e-01
      vertex 3.3749666e-01 8.1478901e-01 5.2860326e-01
    endloop
  endfacet
  facet normal -2.6264498e-01 -8.6582446e-01 4.2587043e-01
    outer loop
      vertex 1.8023996e-01 9.0612745e-01 6.1731657e-01
      vertex 1.7205430e-01 8.6497539e-01 5.2860326e-01
      vertex 3.3749666e-01 8.1478901e-01 5.2860326e-01
    endloop
  endfacet
  facet normal -8.8684356e-02 -9.0042738e-01 4.2587043e-01
    outer loop
      vertex 1.8023996e-01 9.0612745e-01 6.1731657e-01
      vertex 5.6571306e-17 9.2387953e-01 6.1731657e-01
      vertex 1.7205430e-01 8.6497539e-01 5.2860326e-01
    endloop
  endfacet
  facet normal -8.8684356e-02 -9.0042738e-01 4.2587043e-01
    outer loop
      vertex 5.6571306e-17 9.2387953e-01 6.1731657e-01
      vertex 5.4002103e-17 8.8192126e-01 5.2860326e-01
      vertex 1.7205430e-01 8.6497539e-01 5.2860326e-01
    endloop
  endfacet
  facet normal 8.8684356e-02 -9.0042738e-01 4.2587043e-01
    outer loop
      vertex 5.6571306e-17 9.2387953e-01 6.1731657e-01
      vertex -1.8023996e-01 9.0612745e-01 6.1731657e-01
      vertex 5.4002103e-17 8.8192126e-01 5.2860326e-01
    endloop
  endfacet
  facet normal 8.8684356e-02 -9.0042738e-01 4.2587043e-01
    outer loop
      vertex -1.8023996e-01 9.0612745e-01 6.1731657e-01
      vertex -1.7205430e-01 8.6497539e-01 5.2860326e-01
      vertex 5.4002103e-17 8.8192126e-01 5.2860326e-01
    endloop
  endfacet
  facet normal 2.6264498e-01 -8.6582446e-01 4.2587043e-01
    outer loop
      vertex -1.8023996e-01 9.0612745e-01 6.1731657e-01
      vertex -3.5355339e-01 8.5355339e-01 6.1731657e-01
      vertex -1.7205430e-01 8.6497539e-01 5.2860326e-01
    endloop
  endfacet
  facet normal 2.6264498e-01 -8.6582446e-01 4.2587043e-01
    outer loop
      vertex -3.5355339e-01 8.5355339e-01 6.1731657e-01
      vertex -3.3749666e-01 8.1478901e-01 5.2860326e-01
      vertex -1.7205430e-01 8.6497539e-01 5.2860326e-01
    endloop
  endfacet
  facet normal 4.2651230e-01 -7.9794839e-01 4.2587043e-01
    outer loop
      vertex -3.5355339e-01 8.5355339e-01 6.1731657e-01
      vertex -5.1327997e-01 7.6817776e-01 6.1731657e-01
      vertex -3.3749666e-01 8.1478901e-01 5.2860326e-01
    endloop
  endfacet
  facet normal 4.2651230e-01 -7.9794839e-01 4.2587043e-01
    outer loop
      vertex -5.1327997e-01 7.6817776e-01 6.1731657e-01
      vertex -4.8996920e-01 7.3329073e-01 5.2860326e-01
      vertex -3.3749666e-01 8.1478901e-01 5.2860326e-01
    endloop
  endfacet
  facet normal 5.7398899e-01 -6.9940761e-01 4.2587043e-01
    outer loop
      vertex -5.1327997e-01 7.6817776e-01 6.1731657e-01
      vertex -6.5328148e-01 6.5328148e-01 6.1731657e-01
      vertex -4.8996920e-01 7.3329073e-01 5.2860326e-01
    endloop
  endfacet
  facet normal 5.7398899e-01 -6.9940761e-01 4.2587043e-01
    outer loop
      vertex -6.5328148e-01 6.5328148e-01 6.1731657e-01
      vertex -6.2361251e-01 6.2361251e-01 5.2860326e-01
      vertex -4.8996920e-01 7.3329073e-01 5.2860326e-01
    endloop
  endfacet
  facet normal 6.9940761e-01 -5.7398899e-01 4.2587043e-01
    outer loop
      vertex -6.5328148e-01 6.5328148e-01 6.1731657e-01
      vertex -7.6817776e-01 5.1327997e-01 6.1731657e-01
      vertex -6.2361251e-01 6.2361251e-01 5.2860326e-01
    endloop
  endfacet
  facet normal 6.9940761e-01 -5.7398899e-01 4.2587043e-01
    outer loop
      vertex -7.6817776e-01 5.1327997e-01 6.1731657e-01
      vertex -7.3329073e-01 4.8996920e-01 5.2860326e-01
      vertex -6.2361251e-01 6.2361251e-01 5.2860326e-01
    endloop
  endfacet
  facet normal 7.9794839e-01 -4.2651230e-01 4.2587043e-01
    outer loop
      vertex -7.6817776e-01 5.1327997e-01 6.1731657e-01
      vertex -8.5355339e-01 3.5355339e-01 6.1731657e-01
      vertex -7.3329073e-01 4.8996920e-01 5.2860326e-01
    endloop
  endfacet
  facet normal 7.9794839e-01 -4.2651230e-01 4.2587043e-01
    outer loop
      vertex -8.5355339e-01 3.5355339e-01 6.1731657e-01
      vertex -8.1478901e-01 3.3749666e-01 5.2860326e-01
      vertex -7.3329073e-01 4.8996920e-01 5.2860326e-01
    endloop
  endfacet
  facet normal 8.6582446e-01 -2.6264498e-01 4.2587043e-01
    outer loop
      vertex -8.5355339e-01 3.5355339e-01 6.1731657e-01
      vertex -9.0612745e-01 1.8023996e-01 6.1731657e-01
      vertex -8.1478901e-01 3.3749666e-01 5.2860326e-01
    endloop
  endfacet
  facet normal 8.6582446e-01 -2.6264498e-01 4.2587043e-01
    outer loop
      vertex -9.0612745e-01 1.8023996e-01 6.1731657e-01
      vertex -8.6497539e-01 1.7205430e-01 5.2860326e-01
      vertex -8.1478901e-01 3.3749666e-01 5.2860326e-01
    endloop
  endfacet
  facet normal 9.0042738e-01 -8.8684356e-02 4.2587043e-01
    outer loop
      vertex -9.0612745e-01 1.8023996e-01 6.1731657e-01
      vertex -9.2387953e-01 1.1314261e-16 6.1731657e-01
      vertex -8.6497539e-01 1.7205430e-01 5.2860326e-01
    endloop
  endfacet
  facet normal 9.0042738e-01 -8.8684356e-02 4.2587043e-01
    outer loop
      vertex -9.2387953e-01 1.1314261e-16 6.1731657e-01
      vertex -8.8192126e-01 1.0800421e-16 5.2860326e-01
      vertex -8.6497539e-01 1.7205430e-01 5.2860326e-01
    endloop
  endfacet
  facet normal 9.0042738e-01 8.8684356e-02 4.2587043e-01
    outer loop
      vertex -9.2387953e-01 1.1314261e-16 6.1731657e-01
      vertex -9.0612745e-01 -1.8023996e-01 6.1731657e-01
      vertex -8.8192126e-01 1.0800421e-16 5.2860326e-01
    endloop
  endfacet
  facet normal 9.0042738e-01 8.8684356e-02 4.2587043e-01
    outer loop
      vertex -9.0612745e-01 -1.8023996e-01 6.1731657e-01
      vertex -8.6497539e-01 -1.7205430e-01 5.2860326e-01
      vertex -8.8192126e-01 1.0800421e-16 5.2860326e-01
    endloop
  endfacet
  facet normal 8.6582446e-01 2.6264498e-01 4.2587043e-01
    outer loop
      vertex -9.0612745e-01 -1.8023996e-01 6.1731657e-01
      vertex -8.5355339e-01 -3.5355339e-01 6.1731657e-01
      vertex -8.6497539e-01 -1.7205430e-01 5.2860326e-01
    endloop
  endfacet
  facet normal 8.6582446e-01 2.6264498e-01 4.2587043e-01
    outer loop
      vertex -8.5355339e-01 -3.5355339e-01 6.1731657e-01
      vertex -8.1478901e-01 -3.3749666e-01 5.2860326e-01
      vertex -8.6497539e-01 -1.7205430e-01 5.2860326e-01
    endloop
  endfacet
  facet normal 7.9794839e-01 4.2651230e-01 4.2587043e-01
    outer loop
      vertex -8.5355339e-01 -3.5355339e-01 6.1731657e-01
      vertex -7.6817776e-01 -5.1327997e-01 6.1731657e-01
      vertex -8.1478901e-01 -3.3749666e-01 5.2860326e-01
    endloop
  endfacet
  facet normal 7.9794839e-01 4.2651230e-01 4.2587043e-01
    outer loop
      vertex -7.6817776e-01 -5.1327997e-01 6.1731657e-01
      vertex -7.3329073e-01 -4.8996920e-01 5.2860326e-01
      vertex -8.1478901e-01 -3.3749666e-01 5.2860326e-01
    endloop
  endfacet
  facet normal 6.9940761e-01 5.7398899e-01 4.2587043e-01
    outer loop
      vertex -7.6817776e-01 -5.1327997e-01 6.1731657e-01
      vertex -6.5328148e-01 -6.5328148e-01 6.1731657e-01
      vertex -7.3329073e-01 -4.8996920e-01 5.2860326e-01
    endloop
  endfacet
  facet normal 6.9940761e-01 5.7398899e-01 4.2587043e-01
    outer loop
      vertex -6.5328148e-01 -6.5328148e-01 6.1731657e-01
      vertex -6.2361251e-01 -6.2361251e-01 5.2860326e-01
      vertex -7.3329073e-01 -4.8996920e-01 5.2860326e-01
    endloop
  endfacet
  facet normal 5.7398899e-01 6.9940761e-01 4.2587043e-01
    outer loop
      vertex -6.5328148e-01 -6.5328148e-01 6.1731657e-01
      vertex -5.1327997e-01 -7.6817776e-01 6.1731657e-01
      vertex -6.2361251e-01 -6.2361251e-01 5.2860326e-01
    endloop
  endfacet
  facet normal 5.7398899e-01 6.9940761e-01 4.2587043e-01
    outer loop
      vertex -5.1327997e-01 -7.6817776e-01 6.1731657e-01
      vertex -4.8996920e-01 -7.3329073e-01 5.2860326e-01
      vertex -6.2361251e-01 -6.2361251e-01 5.2860326e-01
    endloop
  endfacet
  facet normal 4.2651230e-01 7.9794839e-01 4.2587043e-01
    outer loop
      vertex -5.1327997e-01 -7.6817776e-01 6.1731657e-01
      vertex -3.5355339e-01 -8.5355339e-01 6.1731657e-01
      vertex -4.8996920e-01 -7.3329073e-01 5.2860326e-01
    endloop
  endfacet
  facet normal 4.2651230e-01 7.9794839e-01 4.2587043e-01
    outer loop
      vertex -3.5355339e-01 -8.5355339e-01 6.1731657e-01
      vertex -3.3749666e-01 -8.1478901e-01 5.2860326e-01
      vertex -4.8996920e-01 -7.3329073e-01 5.2860326e-01
    endloop
  endfacet
  facet normal 2.6264498e-01 8.6582446e-01 4.2587043e-01
    outer loop
      vertex -3.5355339e-01 -8.5355339e-01 6.1731657e-01
      vertex -1.8023996e-01 -9.0612745e-01 6.1731657e-01
      vertex -3.3749666e-01 -8.1478901e-01 5.2860326e-01
    endloop
  endfacet
  facet normal 2.6264498e-01 8.6582446e-01 4.2587043e-01
    outer loop
      vertex -1.8023996e-01 -9.0612745e-01 6.1731657e-01
      vertex -1.7205430e-01 -8.6497539e-01 5.2860326e-01
      vertex -3.3749666e-01 -8.1478901e-01 5.2860326e-01
    endloop
  endfacet
  facet normal 8.8684356e-02 9.0042738e-01 4.2587043e-01
    outer loop
      vertex -1.8023996e-01 -9.0612745e-01 6.1731657e-01
      vertex -1.6971392e-16 -9.2387953e-01 6.1731657e-01
      vertex -1.7205430e-01 -8.6497539e-01 5.2860326e-01
    endloop
  endfacet
  facet normal 8.8684356e-02 9.0042738e-01 4.2587043e-01
    outer loop
      vertex -1.6971392e-16 -9.2387953e-01 6.1731657e-01
      vertex -1.6200631e-16 -8.8192126e-01 5.2860326e-01
      vertex -1.7205430e-01 -8.6497539e-01 5.2860326e-01
    endloop
  endfacet
  facet normal -8.8684356e-02 9.0042738e-01 4.2587043e-01
    outer loop
      vertex -1.6971392e-16 -9.2387953e-01 6.1731657e-01
      vertex 1.8023996e-01 -9.0612745e-01 6.1731657e-01
      vertex -1.6200631e-16 -8.8192126e-01 5.2860326e-01
    endloop
  endfacet
  facet normal -8.8684356e-02 9.0042738e-01 4.2587043e-01
    outer loop
      vertex 1.8023996e-01 -9.0612745e-01 6.1731657e-01
      vertex 1.7205430e-01 -8.6497539e-01 5.2860326e-01
      vertex -1.6200631e-16 -8.8192126e-01 5.2860326e-01
    endloop
  endfacet
  facet normal -2.6264498e-01 8.6582446e-01 4.2587043e-01
    outer loop
      vertex 1.8023996e-01 -9.0612745e-01 6.1731657e-01
      vertex 3.5355339e-01 -8.5355339e-01 6.1731657e-01
      vertex 1.7205430e-01 -8.6497539e-01 5.2860326e-01
    endloop
  endfacet
  facet normal -2.6264498e-01 8.6582446e-01 4.2587043e-01
    outer loop
      vertex 3.5355339e-01 -8.5355339e-01 6.1731657e-01
      vertex 3.3749666e-01 -8.1478901e-01 5.2860326e-01
      vertex 1.7205430e-01 -8.6497539e-01 5.2860326e-01
    endloop
  endfacet
  facet normal -4.2651230e-01 7.9794839e-01 4.2587043e-01
    outer loop
      vertex 3.5355339e-01 -8.5355339e-01 6.1731657e-01
      vertex 5.1327997e-01 -7.6817776e-01 6.1731657e-01
      vertex 3.3749666e-01 -8.1478901e-01 5.2860326e-01
    endloop
  endfacet
  facet normal -4.2651230e-01 7.9794839e-01 4.2587043e-01
    outer loop
      vertex 5.1327997e-01 -7.6817776e-01 6.1731657e-01
      vertex 4.8996920e-01 -7.3329073e-01 5.2860326e-01
      vertex 3.3749666e-01 -8.1478901e-01 5.2860326e-01
    endloop
  endfacet
  facet normal -5.7398899e-01 6.9940761e-01 4.2587043e-01
    outer loop
      vertex 5.1327997e-01 -7.6817776e-01 6.1731657e-01
      vertex 6.5328148e-01 -6.5328148e-01 6.1731657e-01
      vertex 4.8996920e-01 -7.3329073e-01 5.2860326e-01
    endloop
  endfacet
  facet normal -5.7398899e-01 6.9940761e-01 4.2587043e-01
    outer loop
      vertex 6.5328148e-01 -6.5328148e-01 6.1731657e-01
      vertex 6.2361251e-01 -6.2361251e-01 5.2860326e-01
      vertex 4.8996920e-01 -7.3329073e-01 5.2860326e-01
    endloop
  endfacet
  facet normal -6.9940761e-01 5.7398899e-01 4.2587043e-01
    outer loop
      vertex 6.5328148e-01 -6.5328148e-01 6.1731657e-01
      vertex 7.6817776e-01 -5.1327997e-01 6.1731657e-01
      vertex 6.2361251e-01 -6.2361251e-01 5.2860326e-01
    endloop
  endfacet
  facet normal -6.9940761e-01 5.7398899e-01 4.2587043e-01
    outer loop
      vertex 7.6817776e-01 -5.1327997e-01 6.1731657e-01
      vertex 7.3329073e-01 -4.8996920e-01 5.2860326e-01
      vertex 6.2361251e-01 -6.2361251e-01 5.2860326e-01
    endloop
  endfacet
  facet normal -7.9794839e-01 4.2651230e-01 4.2587043e-01
    outer loop
      vertex 7.6817776e-01 -5.1327997e-01 6.1731657e-01
      vertex 8.5355339e-01 -3.5355339e-01 6.1731657e-01
      vertex 7.3329073e-01 -4.8996920e-01 5.2860326e-01
    endloop
  endfacet
  facet normal -7.9794839e-01 4.2651230e-01 4.2587043e-01
    outer loop
      vertex 8.5355339e-01 -3.5355339e-01 6.1731657e-01
      vertex 8.1478901e-01 -3.3749666e-01 5.2860326e-01
      vertex 7.3329073e-01 -4.8996920e-01 5.2860326e-01
    endloop
  endfacet
  facet normal -8.6582446e-01 2.6264498e-01 4.2587043e-01
    outer loop
      vertex 8.5355339e-01 -3.5355339e-01 6.1731657e-01
      vertex 9.0612745e-01 -1.8023996e-01 6.1731657e-01
      vertex 8.1478901e-01 -3.3749666e-01 5.2860326e-01
    endloop
  endfacet
  facet normal -8.6582446e-01 2.6264498e-01 4.2587043e-01
    outer loop
      vertex 9.0612745e-01 -1.8023996e-01 6.1731657e-01
      vertex 8.6497539e-01 -1.7205430e-01 5.2860326e-01
      vertex 8.1478901e-01 -3.3749666e-01 5.2860326e-01
    endloop
  endfacet
  facet normal -9.0042738e-01 8.8684356e-02 4.2587043e-01
    outer loop
      vertex 9.0612745e-01 -1.8023996e-01 6.1731657e-01
      vertex 9.2387953e-01 0.0000000e+00 6.1731657e-01
      vertex 8.6497539e-01 -1.7205430e-01 5.2860326e-01
    endloop
  endfacet
  facet normal -9.0042738e-01 8.8684356e-02 4.2587043e-01
    outer loop
      vertex 9.2387953e-01 0.0000000e+00 6.1731657e-01
      vertex 8.8192126e-01 0.0000000e+00 5.2860326e-01
      vertex 8.6497539e-01 -1.7205430e-01 5.2860326e-01
    endloop
  endfacet
  facet normal -8.5468423e-01 -8.4179049e-02 5.1227801e-01
    outer loop
      vertex 8.8192126e-01 0.0000000e+00 5.2860326e-01
      vertex 8.6497539e-01 1.7205430e-01 5.2860326e-01
      vertex 8.3146961e-01 0.0000000e+00 4.4442977e-01
    endloop
  endfacet
  facet normal -8.5468423e-01 -8.4179049e-02 5.1227801e-01
    outer loop
      vertex 8.6497539e-01 1.7205430e-01 5.2860326e-01
      vertex 8.1549316e-01 1.6221167e-01 4.4442977e-01
      vertex 8.3146961e-01 0.0000000e+00 4.4442977e-01
    endloop
  endfacet
  facet normal -8.2183919e-01 -2.4930219e-01 5.1227801e-01
    outer loop
      vertex 8.6497539e-01 1.7205430e-01 5.2860326e-01
      vertex 8.1478901e-01 3.3749666e-01 5.2860326e-01
      vertex 8.1549316e-01 1.6221167e-01 4.4442977e-01
    endloop
  endfacet
  facet normal -8.2183919e-01 -2.4930219e-01 5.1227801e-01
    outer loop
      vertex 8.1478901e-01 3.3749666e-01 5.2860326e-01
      vertex 7.6817776e-01 3.1818965e-01 4.4442977e-01
      vertex 8.1549316e-01 1.6221167e-01 4.4442977e-01
    endloop
  endfacet
  facet normal -7.5741134e-01 -4.0484479e-01 5.1227801e-01
    outer loop
      vertex 8.1478901e-01 3.3749666e-01 5.2860326e-01
      vertex 7.3329073e-01 4.8996920e-01 5.2860326e-01
      vertex 7.6817776e-01 3.1818965e-01 4.4442977e-01
    endloop
  endfacet
  facet normal -7.5741134e-01 -4.0484479e-01 5.1227801e-01
    outer loop
      vertex 7.3329073e-01 4.8996920e-01 5.2860326e-01
      vertex 6.9134172e-01 4.6193977e-01 4.4442977e-01
      vertex 7.6817776e-01 3.1818965e-01 4.4442977e-01
    endloop
  endfacet
  facet normal -6.6387659e-01 -5.4482944e-01 5.1227801e-01
    outer loop
      vertex 7.3329073e-01 4.8996920e-01 5.2860326e-01
      vertex 6.2361251e-01 6.2361251e-01 5.2860326e-01
      vertex 6.9134172e-01 4.6193977e-01 4.4442977e-01
    endloop
  endfacet
  facet normal -6.6387659e-01 -5.4482944e-01 5.1227801e-01
    outer loop
      vertex 6.2361251e-01 6.2361251e-01 5.2860326e-01
      vertex 5.8793780e-01 5.8793780e-01 4.4442977e-01
      vertex 6.9134172e-01 4.6193977e-01 4.4442977e-01
    endloop
  endfacet
  facet normal -5.4482944e-01 -6.6387659e-01 5.1227801e-01
    outer loop
      vertex 6.2361251e-01 6.2361251e-01 5.2860326e-01
      vertex 4.8996920e-01 7.3329073e-01 5.2860326e-01
      vertex 5.8793780e-01 5.8793780e-01 4.4442977e-01
    endloop
  endfacet
  facet normal -5.4482944e-01 -6.6387659e-01 5.1227801e-01
    outer loop
      vertex 4.8996920e-01 7.3329073e-01 5.2860326e-01
      vertex 4.6193977e-01 6.9134172e-01 4.4442977e-01
      vertex 5.8793780e-01 5.8793780e-01 4.4442977e-01
    endloop
  endfacet
  facet normal -4.0484479e-01 -7.5741134e-01 5.1227801e-01
    outer loop
      vertex 4.8996920e-01 7.3329073e-01 5.2860326e-01
      vertex 3.3749666e-01 8.1478901e-01 5.2860326e-01
      vertex 4.6193977e-01 6.9134172e-01 4.4442977e-01
    endloop
  endfacet
  facet normal -4.0484479e-01 -7.5741134e-01 5.1227801e-01
    outer loop
      vertex 3.3749666e-01 8.1478901e-01 5.2860326e-01
      vertex 3.1818965e-01 7.6817776e-01 4.4442977e-01
      vertex 4.6193977e-01 6.9134172e-01 4.4442977e-01
    endloop
  endfacet
  facet normal -2.4930219e-01 -8.2183919e-01 5.1227801e-01
    outer loop
      vertex 3.3749666e-01 8.1478901e-01 5.2860326e-01
      vertex 1.7205430e-01 8.6497539e-01 5.2860326e-01
      vertex 3.1818965e-01 7.6817776e-01 4.4442977e-01
    endloop
  endfacet
  facet normal -2.4930219e-01 -8.2183919e-01 5.1227801e-01
    outer loop
      vertex 1.7205430e-01 8.6497539e-01 5.2860326e-01
      vertex 1.6221167e-01 8.1549316e-01 4.4442977e-01
      vertex 3.1818965e-01 7.6817776e-01 4.4442977e-01
    endloop
  endfacet
  facet normal -8.4179049e-02 -8.5468423e-01 5.1227801e-01
    outer loop
      vertex 1.7205430e-01 8.6497539e-01 5.2860326e-01
      vertex 5.4002103e-17 8.8192126e-01 5.2860326e-01
      vertex 1.6221167e-01 8.1549316e-01 4.4442977e-01
    endloop
  endfacet
  facet normal -8.4179049e-02 -8.5468423e-01 5.1227801e-01
    outer loop
      vertex 5.4002103e-17 8.8192126e-01 5.2860326e-01
      vertex 5.0912830e-17 8.3146961e-01 4.4442977e-01
      vertex 1.6221167e-01 8.1549316e-01 4.4442977e-01
    endloop
  endfacet
  facet normal 8.4179049e-02 -8.5468423e-01 5.1227801e-01
    outer loop
      vertex 5.4002103e-17 8.8192126e-01 5.2860326e-01
      vertex -1.7205430e-01 8.6497539e-01 5.2860326e-01
      vertex 5.0912830e-17 8.3146961e-01 4.4442977e-01
    endloop
  endfacet
  facet normal 8.4179049e-02 -8.5468423e-01 5.1227801e-01
    outer loop
      vertex -1.7205430e-01 8.6497539e-01 5.2860326e-01
      vertex -1.6221167e-01 8.1549316e-01 4.4442977e-01
      vertex 5.0912830e-17 8.3146961e-01 4.4442977e-01
    endloop
  endfacet
  facet normal 2.4930219e-01 -8.2183919e-01 5.1227801e-01
    outer loop
      vertex -1.7205430e-01 8.6497539e-01 5.2860326e-01
      vertex -3.3749666e-01 8.1478901e-01 5.2860326e-01
      vertex -1.6221167e-01 8.1549316e-01 4.4442977e-01
    endloop
  endfacet
  facet normal 2.4930219e-01 -8.2183919e-01 5.1227801e-01
    outer loop
      vertex -3.3749666e-01 8.1478901e-01 5.2860326e-01
      vertex -3.1818965e-01 7.6817776e-01 4.4442977e-01
      vertex -1.6221167e-01 8.1549316e-01 4.4442977e-01
    endloop
  endfacet
  facet normal 4.0484479e-01 -7.5741134e-01 5.1227801e-01
    outer loop
      vertex -3.3749666e-01 8.1478901e-01 5.2860326e-01
      vertex -4.8996920e-01 7.3329073e-01 5.2860326e-01
      vertex -3.1818965e-01 7.6817776e-01 4.4442977e-01
    endloop
  endfacet
  facet normal 4.0484479e-01 -7.5741134e-01 5.1227801e-01
    outer loop
      vertex -4.8996920e-01 7.3329073e-01 5.2860326e-01
      vertex -4.6193977e-01 6.9134172e-01 4.4442977e-01
      vertex -3.1818965e-01 7.6817776e-01 4.4442977e-01
    endloop
  endfacet
  facet normal 5.4482944e-01 -6.6387659e-01 5.1227801e-01
    outer loop
      vertex -4.8996920e-01 7.3329073e-01 5.2860326e-01
      vertex -6.2361251e-01 6.2361251e-01 5.2860326e-01
      vertex -4.6193977e-01 6.9134172e-01 4.4442977e-01
    endloop
  endfacet
  facet normal 5.4482944e-01 -6.6387659e-01 5.1227801e-01
    outer loop
      vertex -6.2361251e-01 6.2361251e-01 5.2860326e-01
      vertex -5.8793780e-01 5.8793780e-01 4.4442977e-01
      vertex -4.6193977e-01 6.9134172e-01 4.4442977e-01
    endloop
  endfacet
  facet normal 6.6387659e-01 -5.4482944e-01 5.1227801e-01
    outer loop
      vertex -6.2361251e-01 6.2361251e-01 5.2860326e-01
      vertex -7.3329073e-01 4.8996920e-01 5.2860326e-01
      vertex -5.8793780e-01 5.8793780e-01 4.4442977e-01
    endloop
  endfacet
  facet normal 6.6387659e-01 -5.4482944e-01 5.1227801e-01
    outer loop
      vertex -7.3329073e-01 4.8996920e-01 5.2860326e-01
      vertex -6.9134172e-01 4.6193977e-01 4.4442977e-01
      vertex -5.8793780e-01 5.8793780e-01 4.4442977e-01
    endloop
  endfacet
  facet normal 7.5741134e-01 -4.0484479e-01 5.1227801e-01
    outer loop
      vertex -7.3329073e-01 4.8996920e-01 5.2860326e-01
      vertex -8.1478901e-01 3.3749666e-01 5.2860326e-01
      vertex -6.9134172e-01 4.6193977e-01 4.4442977e-01
    endloop
  endfacet
  facet normal 7.5741134e-01 -4.0484479e-01 5.1227801e-01
    outer loop
      vertex -8.1478901e-01 3.3749666e-01 5.2860326e-01
      vertex -7.6817776e-01 3.1818965e-01 4.4442977e-01
      vertex -6.9134172e-01 4.6193977e-01 4.4442977e-01
    endloop
  endfacet
  facet normal 8.2183919e-01 -2.4930219e-01 5.1227801e-01
    outer loop
      vertex -8.1478901e-01 3.3749666e-01 5.2860326e-01
      vertex -8.6497539e-01 1.7205430e-01 5.2860326e-01
      vertex -7.6817776e-01 3.1818965e-01 4.4442977e-01
    endloop
  endfacet
  facet normal 8.2183919e-01 -2.4930219e-01 5.1227801e-01
    outer loop
      vertex -8.6497539e-01 1.7205430e-01 5.2860326e-01
      vertex -8.1549316e-01 1.6221167e-01 4.4442977e-01
      vertex -7.6817776e-01 3.1818965e-01 4.4442977e-01
    endloop
  endfacet
  facet normal 8.5468423e-01 -8.4179049e-02 5.1227801e-01
    outer loop
      vertex -8.6497539e-01 1.7205430e-01 5.2860326e-01
      vertex -8.8192126e-01 1.0800421e-16 5.2860326e-01
      vertex -8.1549316e-01 1.6221167e-01 4.4442977e-01
    endloop
  endfacet
  facet normal 8.5468423e-01 -8.4179049e-02 5.1227801e-01
    outer loop
      vertex -8.8192126e-01 1.0800421e-16 5.2860326e-01
      vertex -8.3146961e-01 1.0182566e-16 4.4442977e-01
      vertex -8.1549316e-01 1.6221167e-01 4.4442977e-01
    endloop
  endfacet
  facet normal 8.5468423e-01 8.4179049e-02 5.1227801e-01
    outer loop
      vertex -8.8192126e-01 1.0800421e-16 5.2860326e-01
      vertex -8.6497539e-01 -1.7205430e-01 5.2860326e-01
      vertex -8.3146961e-01 1.0182566e-16 4.4442977e-01
    endloop
  endfacet
  facet normal 8.5468423e-01 8.4179049e-02 5.1227801e-01
    outer loop
      vertex -8.6497539e-01 -1.7205430e-01 5.2860326e-01
      vertex -8.1549316e-01 -1.6221167e-01 4.4442977e-01
      vertex -8.3146961e-01 1.0182566e-16 4.4442977e-01
    endloop
  endfacet
  facet normal 8.2183919e-01 2.4930219e-01 5.1227801e-01
    outer loop
      vertex -8.6497539e-01 -1.7205430e-01 5.2860326e-01
      vertex -8.1478901e-01 -3.3749666e-01 5.2860326e-01
      vertex -8.1549316e-01 -1.6221167e-01 4.4442977e-01
    endloop
  endfacet
  facet normal 8.2183919e-01 2.4930219e-01 5.1227801e-01
    outer loop
      vertex -8.1478901e-01 -3.3749666e-01 5.2860326e-01
      vertex -7.6817776e-01 -3.1818965e-01 4.4442977e-01
      vertex -8.1549316e-01 -1.6221167e-01 4.4442977e-01
    endloop
  endfacet
  facet normal 7.5741134e-01 4.0484479e-01 5.1227801e-01
    outer loop
      vertex -8.1478901e-01 -3.3749666e-01 5.2860326e-01
      vertex -7.3329073e-01 -4.8996920e-01 5.2860326e-01
      vertex -7.6817776e-01 -3.1818965e-01 4.4442977e-01
    endloop
  endfacet
  facet normal 7.5741134e-01 4.0484479e-01 5.1227801e-01
    outer loop
      vertex -7.3329073e-01 -4.8996920e-01 5.2860326e-01
      vertex -6.9134172e-01 -4.6193977e-01 4.4442977e-01
      vertex -7.6817776e-01 -3.1818965e-01 4.4442977e-01
    endloop
  endfacet
  facet normal 6.6387659e-01 5.4482944e-01 5.1227801e-01
    outer loop
      vertex -7.3329073e-01 -4.8996920e-01 5.2860326e-01
      vertex -6.2361251e-01 -6.2361251e-01 5.2860326e-01
      vertex -6.9134172e-01 -4.6193977e-01 4.4442977e-01
    endloop
  endfacet
  facet normal 6.6387659e-01 5.4482944e-01 5.1227801e-01
    outer loop
      vertex -6.2361251e-01 -6.2361251e-01 5.2860326e-01
      vertex -5.8793780e-01 -5.8793780e-01 4.4442977e-01
      vertex -6.9134172e-01 -4.6193977e-01 4.4442977e-01
    endloop
  endfacet
  facet normal 5.4482944e-01 6.6387659e-01 5.1227801e-01
    outer loop
      vertex -6.2361251e-01 -6.2361251e-01 5.2860326e-01
      vertex -4.8996920e-01 -7.3329073e-01 5.2860326e-01
      vertex -5.8793780e-01 -5.8793780e-01 4.4442977e-01
    endloop
  endfacet
  facet normal 5.4482944e-01 6.6387659e-01 5.1227801e-01
    outer loop
      vertex -4.8996920e-01 -7.3329073e-01 5.2860326e-01
      vertex -4.6193977e-01 -6.9134172e-01 4.4442977e-01
      vertex -5.8793780e-01 -5.8793780e-01 4.4442977e-01
    endloop
  endfacet
  facet normal 4.0484479e-01 7.5741134e-01 5.1227801e-01
    outer loop
      vertex -4.8996920e-01 -7.3329073e-01 5.2860326e-01
      vertex -3.3749666e-01 -8.1478901e-01 5.2860326e-01
      vertex -4.6193977e-01 -6.9134172e-01 4.4442977e-01
    endloop
  endfacet
  facet normal 4.0484479e-01 7.5741134e-01 5.1227801e-01
    outer loop
      vertex -3.3749666e-01 -8.1478901e-01 5.2860326e-01
      vertex -3.1818965e-01 -7.6817776e-01 4.4442977e-01
      vertex -4.6193977e-01 -6.9134172e-01 4.4442977e-01
    endloop
  endfacet
  facet normal 2.4930219e-01 8.2183919e-01 5.1227801e-01
    outer loop
      vertex -3.3749666e-01 -8.1478901e-01 5.2860326e-01
      vertex -1.7205430e-01 -8.6497539e-01 5.2860326e-01
      vertex -3.1818965e-01 -7.6817776e-01 4.4442977e-01
    endloop
  endfacet
  facet normal 2.4930219e-01 8.2183919e-01 5.1227801e-01
    outer loop
      vertex -1.7205430e-01 -8.6497539e-01 5.2860326e-01
      vertex -1.6221167e-01 -8.1549316e-01 4.4442977e-01
      vertex -3.1818965e-01 -7.6817776e-01 4.4442977e-01
    endloop
  endfacet
  facet normal 8.4179049e-02 8.5468423e-01 5.1227801e-01
    outer loop
      vertex -1.7205430e-01 -8.6497539e-01 5.2860326e-01
      vertex -1.6200631e-16 -8.8192126e-01 5.2860326e-01
      vertex -1.6221167e-01 -8.1549316e-01 4.4442977e-01
    endloop
  endfacet
  facet normal 8.4179049e-02 8.5468423e-01 5.1227801e-01
    outer loop
      vertex -1.6200631e-16 -8.8192126e-01 5.2860326e-01
      vertex -1.5273849e-16 -8.3146961e-01 4.4442977e-01
      vertex -1.6221167e-01 -8.1549316e-01 4.4442977e-01
    endloop
  endfacet
  facet normal -8.4179049e-02 8.5468423e-01 5.1227801e-01
    outer loop
      vertex -1.6200631e-16 -8.8192126e-01 5.2860326e-01
      vertex 1.7205430e-01 -8.6497539e-01 5.2860326e-01
      vertex -1.5273849e-16 -8.3146961e-01 4.4442977e-01
    endloop
  endfacet
  facet normal -8.4179049e-02 8.5468423e-01 5.1227801e-01
    outer loop
      vertex 1.7205430e-01 -8.6497539e-01 5.2860326e-01
      vertex 1.6221167e-01 -8.1549316e-01 4.4442977e-01
      vertex -1.5273849e-16 -8.3146961e-01 4.4442977e-01
    endloop
  endfacet
  facet normal -2.4930219e-01 8.2183919e-01 5.1227801e-01
    outer loop
      vertex 1.7205430e-01 -8.6497539e-01 5.2860326e-01
      vertex 3.3749666e-01 -8.1478901e-01 5.2860326e-01
      vertex 1.6221167e-01 -8.1549316e-01 4.4442977e-01
    endloop
  endfacet
  facet normal -2.4930219e-01 8.2183919e-01 5.1227801e-01
    outer loop
      vertex 3.3749666e-01 -8.1478901e-01 5.2860326e-01
      vertex 3.1818965e-01 -7.6817776e-01 4.4442977e-01
      vertex 1.6221167e-01 -8.1549316e-01 4.4442977e-01
    endloop
  endfacet
  facet normal -4.0484479e-01 7.5741134e-01 5.1227801e-01
    outer loop
      vertex 3.3749666e-01 -8.1478901e-01 5.2860326e-01
      vertex 4.8996920e-01 -7.3329073e-01 5.2860326e-01
      vertex 3.1818965e-01 -7.6817776e-01 4.4442977e-01
    endloop
  endfacet
  facet normal -4.0484479e-01 7.5741134e-01 5.1227801e-01
    outer loop
      vertex 4.8996920e-01 -7.3329073e-01 5.2860326e-01
      vertex 4.6193977e-01 -6.9134172e-01 4.4442977e-01
      vertex 3.1818965e-01 -7.6817776e-01 4.4442977e-01
    endloop
  endfacet
  facet normal -5.4482944e-01 6.6387659e-01 5.1227801e-01
    outer loop
      vertex 4.8996920e-01 -7.3329073e-01 5.2860326e-01
      vertex 6.2361251e-01 -6.2361251e-01 5.2860326e-01
      vertex 4.6193977e-01 -6.9134172e-01 4.4442977e-01
    endloop
  endfacet
  facet normal -5.4482944e-01 6.6387659e-01 5.1227801e-01
    outer loop
      vertex 6.2361251e-01 -6.2361251e-01 5.2860326e-01
      vertex 5.8793780e-01 -5.8793780e-01 4.4442977e-01
      vertex 4.6193977e-01 -6.9134172e-01 4.4442977e-01
    endloop
  endfacet
  facet normal -6.6387659e-01 5.4482944e-01 5.1227801e-01
    outer loop
      vertex 6.2361251e-01 -6.2361251e-01 5.2860326e-01
      vertex 7.3329073e-01 -4.8996920e-01 5.2860326e-01
      vertex 5.8793780e-01 -5.8793780e-01 4.4442977e-01
    endloop
  endfacet
  facet normal -6.6387659e-01 5.4482944e-01 5.1227801e-01
    outer loop
      vertex 7.3329073e-01 -4.8996920e-01 5.2860326e-01
      vertex 6.9134172e-01 -4.6193977e-01 4.4442977e-01
      vertex 5.8793780e-01 -5.8793780e-01 4.4442977e-01
    endloop
  endfacet
  facet normal -7.5741134e-01 4.0484479e-01 5.1227801e-01
    outer loop
      vertex 7.3329073e-01 -4.8996920e-01 5.2860326e-01
      vertex 8.1478901e-01 -3.3749666e-01 5.2860326e-01
      vertex 6.9134172e-01 -4.6193977e-01 4.4442977e-01
    endloop
  endfacet
  facet normal -7.5741134e-01 4.0484479e-01 5.1227801e-01
    outer loop
      vertex 8.1478901e-01 -3.3749666e-01 5.2860326e-01
      vertex 7.6817776e-01 -3.1818965e-01 4.4442977e-01
      vertex 6.9134172e-01 -4.6193977e-01 4.4442977e-01
    endloop
  endfacet
  facet normal -8.2183919e-01 2.4930219e-01 5.1227801e-01
    outer loop
      vertex 8.1478901e-01 -3.3749666e-01 5.2860326e-01
      vertex 8.6497539e-01 -1.7205430e-01 5.2860326e-01
      vertex 7.6817776e-01 -3.1818965e-01 4.4442977e-01
    endloop
  endfacet
  facet normal -8.2183919e-01 2.4930219e-01 5.1227801e-01
    outer loop
      vertex 8.6497539e-01 -1.7205430e-01 5.2860326e-01
      vertex 8.1549316e-01 -1.6221167e-01 4.4442977e-01
      vertex 7.6817776e-01 -3.1818965e-01 4.4442977e-01
    endloop
  endfacet
  facet normal -8.5468423e-01 8.4179049e-02 5.1227801e-01
    outer loop
      vertex 8.6497539e-01 -1.7205430e-01 5.2860326e-01
      vertex 8.8192126e-01 0.0000000e+00 5.2860326e-01
      vertex 8.1549316e-01 -1.6221167e-01 4.4442977e-01
    endloop
  endfacet
  facet normal -8.5468423e-01 8.4179049e-02 5.1227801e-01
    outer loop
      vertex 8.8192126e-01 0.0000000e+00 5.2860326e-01
      vertex 8.3146961e-01 0.0000000e+00 4.4442977e-01
      vertex 8.1549316e-01 -1.6221167e-01 4.4442977e-01
    endloop
  endfacet
  facet normal -8.0070593e-01 -7.8862651e-02 5.9384399e-01
    outer loop
      vertex 8.3146961e-01 0.0000000e+00 4.4442977e-01
      vertex 8.1549316e-01 1.6221167e-01 4.4442977e-01
      vertex 7.7301045e-01 0.0000000e+00 3.6560672e-01
    endloop
  endfacet
  facet normal -8.0070593e-01 -7.8862651e-02 5.9384399e-01
    outer loop
      vertex 8.1549316e-01 1.6221167e-01 4.4442977e-01
      vertex 7.5815727e-01 1.5080686e-01 3.6560672e-01
      vertex 7.7301045e-01 0.0000000e+00 3.6560672e-01
    endloop
  endfacet
  facet normal -7.6993525e-01 -2.3355731e-01 5.9384399e-01
    outer loop
      vertex 8.1549316e-01 1.6221167e-01 4.4442977e-01
      vertex 7.6817776e-01 3.1818965e-01 4.4442977e-01
      vertex 7.5815727e-01 1.5080686e-01 3.6560672e-01
    endloop
  endfacet
  facet normal -7.6993525e-01 -2.3355731e-01 5.9384399e-01
    outer loop
      vertex 7.6817776e-01 3.1818965e-01 4.4442977e-01
      vertex 7.1416854e-01 2.9581829e-01 3.6560672e-01
      vertex 7.5815727e-01 1.5080686e-01 3.6560672e-01
    endloop
  endfacet
  facet normal -7.0957639e-01 -3.7927648e-01 5.9384399e-01
    outer loop
      vertex 7.6817776e-01 3.1818965e-01 4.4442977e-01
      vertex 6.9134172e-01 4.6193977e-01 4.4442977e-01
      vertex 7.1416854e-01 2.9581829e-01 3.6560672e-01
    endloop
  endfacet
  facet normal -7.0957639e-01 -3.7927648e-01 5.9384399e-01
    outer loop
      vertex 6.9134172e-01 4.6193977e-01 4.4442977e-01
      vertex 6.4273470e-01 4.2946160e-01 3.6560672e-01
      vertex 7.1416854e-01 2.9581829e-01 3.6560672e-01
    endloop
  endfacet
  facet normal -6.2194891e-01 -5.1042028e-01 5.9384399e-01
    outer loop
      vertex 6.9134172e-01 4.6193977e-01 4.4442977e-01
      vertex 5.8793780e-01 5.8793780e-01 4.4442977e-01
      vertex 6.4273470e-01 4.2946160e-01 3.6560672e-01
    endloop
  endfacet
  facet normal -6.2194891e-01 -5.1042028e-01 5.9384399e-01
    outer loop
      vertex 5.8793780e-01 5.8793780e-01 4.4442977e-01
      vertex 5.4660093e-01 5.4660093e-01 3.6560672e-01
      vertex 6.4273470e-01 4.2946160e-01 3.6560672e-01
    endloop
  endfacet
  facet normal -5.1042028e-01 -6.2194891e-01 5.9384399e-01
    outer loop
      vertex 5.8793780e-01 5.8793780e-01 4.4442977e-01
      vertex 4.6193977e-01 6.9134172e-01 4.4442977e-01
      vertex 5.4660093e-01 5.4660093e-01 3.6560672e-01
    endloop
  endfacet
  facet normal -5.1042028e-01 -6.2194891e-01 5.9384399e-01
    outer loop
      vertex 4.6193977e-01 6.9134172e-01 4.4442977e-01
      vertex 4.2946160e-01 6.4273470e-01 3.6560672e-01
      vertex 5.4660093e-01 5.4660093e-01 3.6560672e-01
    endloop
  endfacet
  facet normal -3.7927648e-01 -7.0957639e-01 5.9384399e-01
    outer loop
      vertex 4.6193977e-01 6.9134172e-01 4.4442977e-01
      vertex 3.1818965e-01 7.6817776e-01 4.4442977e-01
      vertex 4.2946160e-01 6.4273470e-01 3.6560672e-01
    endloop
  endfacet
  facet normal -3.7927648e-01 -7.0957639e-01 5.9384399e-01
    outer loop
      vertex 3.1818965e-01 7.6817776e-01 4.4442977e-01
      vertex 2.9581829e-01 7.1416854e-01 3.6560672e-01
      vertex 4.2946160e-01 6.4273470e-01 3.6560672e-01
    endloop
  endfacet
  facet normal -2.3355731e-01 -7.6993525e-01 5.9384399e-01
    outer loop
      vertex 3.1818965e-01 7.6817776e-01 4.4442977e-01
      vertex 1.6221167e-01 8.1549316e-01 4.4442977e-01
      vertex 2.9581829e-01 7.1416854e-01 3.6560672e-01
    endloop
  endfacet
  facet normal -2.3355731e-01 -7.6993525e-01 5.9384399e-01
    outer loop
      vertex 1.6221167e-01 8.1549316e-01 4.4442977e-01
      vertex 1.5080686e-01 7.5815727e-01 3.6560672e-01
      vertex 2.9581829e-01 7.1416854e-01 3.6560672e-01
    endloop
  endfacet
  facet normal -7.8862651e-02 -8.0070593e-01 5.9384399e-01
    outer loop
      vertex 1.6221167e-01 8.1549316e-01 4.4442977e-01
      vertex 5.0912830e-17 8.3146961e-01 4.4442977e-01
      vertex 1.5080686e-01 7.5815727e-01 3.6560672e-01
    endloop
  endfacet
  facet normal -7.8862651e-02 -8.0070593e-01 5.9384399e-01
    outer loop
      vertex 5.0912830e-17 8.3146961e-01 4.4442977e-01
      vertex 4.7333239e-17 7.7301045e-01 3.6560672e-01
      vertex 1.5080686e-01 7.5815727e-01 3.6560672e-01
    endloop
  endfacet
  facet normal 7.8862651e-02 -8.0070593e-01 5.9384399e-01
    outer loop
      vertex 5.0912830e-17 8.3146961e-01 4.4442977e-01
      vertex -1.6221167e-01 8.1549316e-01 4.4442977e-01
      vertex 4.7333239e-17 7.7301045e-01 3.6560672e-01
    endloop
  endfacet
  facet normal 7.8862651e-02 -8.0070593e-01 5.9384399e-01
    outer loop
      vertex -1.6221167e-01 8.1549316e-01 4.4442977e-01
      vertex -1.5080686e-01 7.5815727e-01 3.6560672e-01
      vertex 4.7333239e-17 7.7301045e-01 3.6560672e-01
    endloop
  endfacet
  facet normal 2.3355731e-01 -7.6993525e-01 5.9384399e-01
    outer loop
      vertex -1.6221167e-01 8.1549316e-01 4.4442977e-01
      vertex -3.1818965e-01 7.6817776e-01 4.4442977e-01
      vertex -1.5080686e-01 7.5815727e-01 3.6560672e-01
    endloop
  endfacet
  facet normal 2.3355731e-01 -7.6993525e-01 5.9384399e-01
    outer loop
      vertex -3.1818965e-01 7.6817776e-01 4.4442977e-01
      vertex -2.9581829e-01 7.1416854e-01 3.6560672e-01
      vertex -1.5080686e-01 7.5815727e-01 3.6560672e-01
    endloop
  endfacet
  facet normal 3.7927648e-01 -7.0957639e-01 5.9384399e-01
    outer loop
      vertex -3.1818965e-01 7.6817776e-01 4.4442977e-01
      vertex -4.6193977e-01 6.9134172e-01 4.4442977e-01
      vertex -2.9581829e-01 7.1416854e-01 3.6560672e-01
    endloop
  endfacet
  facet normal 3.7927648e-01 -7.0957639e-01 5.9384399e-01
    outer loop
      vertex -4.6193977e-01 6.9134172e-01 4.4442977e-01
      vertex -4.2946160e-01 6.4273470e-01 3.6560672e-01
      vertex -2.9581829e-01 7.1416854e-01 3.6560672e-01
    endloop
  endfacet
  facet normal 5.1042028e-01 -6.2194891e-01 5.9384399e-01
    outer loop
      vertex -4.6193977e-01 6.9134172e-01 4.4442977e-01
      vertex -5.8793780e-01 5.8793780e-01 4.4442977e-01
      vertex -4.2946160e-01 6.4273470e-01 3.6560672e-01
    endloop
  endfacet
  facet normal 5.1042028e-01 -6.2194891e-01 5.9384399e-01
    outer loop
      vertex -5.8793780e-01 5.8793780e-01 4.4442977e-01
      vertex -5.4660093e-01 5.4660093e-01 3.6560672e-01
      vertex -4.2946160e-01 6.4273470e-01 3.6560672e-01
    endloop
  endfacet
  facet normal 6.2194891e-01 -5.1042028e-01 5.9384399e-01
    outer loop
      vertex -5.8793780e-01 5.8793780e-01 4.4442977e-01
      vertex -6.9134172e-01 4.6193977e-01 4.4442977e-01
      vertex -5.4660093e-01 5.4660093e-01 3.6560672e-01
    endloop
  endfacet
  facet normal 6.2194891e-01 -5.1042028e-01 5.9384399e-01
    outer loop
      vertex -6.9134172e-01 4.6193977e-01 4.4442977e-01
      vertex -6.4273470e-01 4.2946160e-01 3.6560672e-01
      vertex -5.4660093e-01 5.4660093e-01 3.6560672e-01
    endloop
  endfacet
  facet normal 7.0957639e-01 -3.7927648e-01 5.9384399e-01
    outer loop
      vertex -6.9134172e-01 4.6193977e-01 4.4442977e-01
      vertex -7.6817776e-01 3.1818965e-01 4.4442977e-01
      vertex -6.4273470e-01 4.2946160e-01 3.6560672e-01
    endloop
  endfacet
  facet normal 7.0957639e-01 -3.7927648e-01 5.9384399e-01
    outer loop
      vertex -7.6817776e-01 3.1818965e-01 4.4442977e-01
      vertex -7.1416854e-01 2.9581829e-01 3.6560672e-01
      vertex -6.4273470e-01 4.2946160e-01 3.6560672e-01
    endloop
  endfacet
  facet normal 7.6993525e-01 -2.3355731e-01 5.9384399e-01
    outer loop
      vertex -7.6817776e-01 3.1818965e-01 4.4442977e-01
      vertex -8.1549316e-01 1.6221167e-01 4.4442977e-01
      vertex -7.1416854e-01 2.9581829e-01 3.6560672e-01
    endloop
  endfacet
  facet normal 7.6993525e-01 -2.3355731e-01 5.9384399e-01
    outer loop
      vertex -8.1549316e-01 1.6221167e-01 4.4442977e-01
      vertex -7.5815727e-01 1.5080686e-01 3.6560672e-01
      vertex -7.1416854e-01 2.9581829e-01 3.6560672e-01
    endloop
  endfacet
  facet normal 8.0070593e-01 -7.8862651e-02 5.9384399e-01
    outer loop
      vertex -8.1549316e-01 1.6221167e-01 4.4442977e-01
      vertex -8.3146961e-01 1.0182566e-16 4.4442977e-01
      vertex -7.5815727e-01 1.5080686e-01 3.6560672e-01
    endloop
  endfacet
  facet normal 8.0070593e-01 -7.8862651e-02 5.9384399e-01
    outer loop
      vertex -8.3146961e-01 1.0182566e-16 4.4442977e-01
      vertex -7.7301045e-01 9.4666478e-17 3.6560672e-01
      vertex -7.5815727e-01 1.5080686e-01 3.6560672e-01
    endloop
  endfacet
  facet normal 8.0070593e-01 7.8862651e-02 5.9384399e-01
    outer loop
      vertex -8.3146961e-01 1.0182566e-16 4.4442977e-01
      vertex -8.1549316e-01 -1.6221167e-01 4.4442977e-01
      vertex -7.7301045e-01 9.4666478e-17 3.6560672e-01
    endloop
  endfacet
  facet normal 8.0070593e-01 7.8862651e-02 5.9384399e-01
    outer loop
      vertex -8.1549316e-01 -1.6221167e-01 4.4442977e-01
      vertex -7.5815727e-01 -1.5080686e-01 3.6560672e-01
      vertex -7.7301045e-01 9.4666478e-17 3.6560672e-01
    endloop
  endfacet
  facet normal 7.6993525e-01 2.3355731e-01 5.9384399e-01
    outer loop
      vertex -8.1549316e-01 -1.6221167e-01 4.4442977e-01
      vertex -7.6817776e-01 -3.1818965e-01 4.4442977e-01
      vertex -7.5815727e-01 -1.5080686e-01 3.6560672e-01
    endloop
  endfacet
  facet normal 7.6993525e-01 2.3355731e-01 5.9384399e-01
    outer loop
      vertex -7.6817776e-01 -3.1818965e-01 4.4442977e-01
      vertex -7.1416854e-01 -2.9581829e-01 3.6560672e-01
      vertex -7.5815727e-01 -1.5080686e-01 3.6560672e-01
    endloop
  endfacet
  facet normal 7.0957639e-01 3.7927648e-01 5.9384399e-01
    outer loop
      vertex -7.6817776e-01 -3.1818965e-01 4.4442977e-01
      vertex -6.9134172e-01 -4.6193977e-01 4.4442977e-01
      vertex -7.1416854e-01 -2.9581829e-01 3.6560672e-01
    endloop
  endfacet
  facet normal 7.0957639e-01 3.7927648e-01 5.9384399e-01
    outer loop
      vertex -6.9134172e-01 -4.6193977e-01 4.4442977e-01
      vertex -6.4273470e-01 -4.2946160e-01 3.6560672e-01
      vertex -7.1416854e-01 -2.9581829e-01 3.6560672e-01
    endloop
  endfacet
  facet normal 6.2194891e-01 5.1042028e-01 5.9384399e-01
    outer loop
      vertex -6.9134172e-01 -4.6193977e-01 4.4442977e-01
      vertex -5.8793780e-01 -5.8793780e-01 4.4442977e-01
      vertex -6.4273470e-01 -4.2946160e-01 3.6560672e-01
    endloop
  endfacet
  facet normal 6.2194891e-01 5.1042028e-01 5.9384399e-01
    outer loop
      vertex -5.8793780e-01 -5.8793780e-01 4.4442977e-01
      vertex -5.4660093e-01 -5.4660093e-01 3.6560672e-01
      vertex -6.4273470e-01 -4.2946160e-01 3.6560672e-01
    endloop
  endfacet
  facet normal 5.1042028e-01 6.2194891e-01 5.9384399e-01
    outer loop
      vertex -5.8793780e-01 -5.8793780e-01 4.4442977e-01
      vertex -4.6193977e-01 -6.9134172e-01 4.4442977e-01
      vertex -5.4660093e-01 -5.4660093e-01 3.6560672e-01
    endloop
  endfacet
  facet normal 5.1042028e-01 6.2194891e-01 5.9384399e-01
    outer loop
      vertex -4.6193977e-01 -6.9134172e-01 4.4442977e-01
      vertex -4.2946160e-01 -6.4273470e-01 3.6560672e-01
      vertex -5.4660093e-01 -5.4660093e-01 3.6560672e-01
    endloop
  endfacet
  facet normal 3.7927648e-01 7.0957639e-01 5.9384399e-01
    outer loop
      vertex -4.6193977e-01 -6.9134172e-01 4.4442977e-01
      vertex -3.1818965e-01 -7.6817776e-01 4.4442977e-01
      vertex -4.2946160e-01 -6.4273470e-01 3.6560672e-01
    endloop
  endfacet
  facet normal 3.7927648e-01 7.0957639e-01 5.9384399e-01
    outer loop
      vertex -3.1818965e-01 -7.6817776e-01 4.4442977e-01
      vertex -2.9581829e-01 -7.1416854e-01 3.6560672e-01
      vertex -4.2946160e-01 -6.4273470e-01 3.6560672e-01
    endloop
  endfacet
  facet normal 2.3355731e-01 7.6993525e-01 5.9384399e-01
    outer loop
      vertex -3.1818965e-01 -7.6817776e-01 4.4442977e-01
      vertex -1.6221167e-01 -8.1549316e-01 4.4442977e-01
      vertex -2.9581829e-01 -7.1416854e-01 3.6560672e-01
    endloop
  endfacet
  facet normal 2.3355731e-01 7.6993525e-01 5.9384399e-01
    outer loop
      vertex -1.6221167e-01 -8.1549316e-01 4.4442977e-01
      vertex -1.5080686e-01 -7.5815727e-01 3.6560672e-01
      vertex -2.9581829e-01 -7.1416854e-01 3.6560672e-01
    endloop
  endfacet
  facet normal 7.8862651e-02 8.0070593e-01 5.9384399e-01
    outer loop
      vertex -1.6221167e-01 -8.1549316e-01 4.4442977e-01
      vertex -1.5273849e-16 -8.3146961e-01 4.4442977e-01
      vertex -1.5080686e-01 -7.5815727e-01 3.6560672e-01
    endloop
  endfacet
  facet normal 7.8862651e-02 8.0070593e-01 5.9384399e-01
    outer loop
      vertex -1.5273849e-16 -8.3146961e-01 4.4442977e-01
      vertex -1.4199972e-16 -7.7301045e-01 3.6560672e-01
      vertex -1.5080686e-01 -7.5815727e-01 3.6560672e-01
    endloop
  endfacet
  facet normal -7.8862651e-02 8.0070593e-01 5.9384399e-01
    outer loop
      vertex -1.5273849e-16 -8.3146961e-01 4.4442977e-01
      vertex 1.6221167e-01 -8.1549316e-01 4.4442977e-01
      vertex -1.4199972e-16 -7.7301045e-01 3.6560672e-01
    endloop
  endfacet
  facet normal -7.8862651e-02 8.0070593e-01 5.9384399e-01
    outer loop
      vertex 1.6221167e-01 -8.1549316e-01 4.4442977e-01
      vertex 1.5080686e-01 -7.5815727e-01 3.6560672e-01
      vertex -1.4199972e-16 -7.7301045e-01 3.6560672e-01
    endloop
  endfacet
  facet normal -2.3355731e-01 7.6993525e-01 5.9384399e-01
    outer loop
      vertex 1.6221167e-01 -8.1549316e-01 4.4442977e-01
      vertex 3.1818965e-01 -7.6817776e-01 4.4442977e-01
      vertex 1.5080686e-01 -7.5815727e-01 3.6560672e-01
    endloop
  endfacet
  facet normal -2.3355731e-01 7.6993525e-01 5.9384399e-01
    outer loop
      vertex 3.1818965e-01 -7.6817776e-01 4.4442977e-01
      vertex 2.9581829e-01 -7.1416854e-01 3.6560672e-01
      vertex 1.5080686e-01 -7.5815727e-01 3.6560672e-01
    endloop
  endfacet
  facet normal -3.7927648e-01 7.0957639e-01 5.9384399e-01
    outer loop
      vertex 3.1818965e-01 -7.6817776e-01 4.4442977e-01
      vertex 4.6193977e-01 -6.9134172e-01 4.4442977e-01
      vertex 2.9581829e-01 -7.1416854e-01 3.6560672e-01
    endloop
  endfacet
  facet normal -3.7927648e-01 7.0957639e-01 5.9384399e-01
    outer loop
      vertex 4.6193977e-01 -6.9134172e-01 4.4442977e-01
      vertex 4.2946160e-01 -6.4273470e-01 3.6560672e-01
      vertex 2.9581829e-01 -7.1416854e-01 3.6560672e-01
    endloop
  endfacet
  facet normal -5.1042028e-01 6.2194891e-01 5.9384399e-01
    outer loop
      vertex 4.6193977e-01 -6.9134172e-01 4.4442977e-01
      vertex 5.8793780e-01 -5.8793780e-01 4.4442977e-01
      vertex 4.2946160e-01 -6.4273470e-01 3.6560672e-01
    endloop
  endfacet
  facet normal -5.1042028e-01 6.2194891e-01 5.9384399e-01
    outer loop
      vertex 5.8793780e-01 -5.8793780e-01 4.4442977e-01
      vertex 5.4660093e-01 -5.4660093e-01 3.6560672e-01
      vertex 4.2946160e-01 -6.4273470e-01 3.6560672e-01
    endloop
  endfacet
  facet normal -6.2194891e-01 5.1042028e-01 5.9384399e-01
    outer loop
      vertex 5.8793780e-01 -5.8793780e-01 4.4442977e-01
      vertex 6.9134172e-01 -4.6193977e-01 4.4442977e-01
      vertex 5.4660093e-01 -5.4660093e-01 3.6560672e-01
    endloop
  endfacet
  facet normal -6.2194891e-01 5.1042028e-01 5.9384399e-01
    outer loop
      vertex 6.9134172e-01 -4.6193977e-01 4.4442977e-01
      vertex 6.4273470e-01 -4.2946160e-01 3.6560672e-01
      vertex 5.4660093e-01 -5.4660093e-01 3.6560672e-01
    endloop
  endfacet
  facet normal -7.0957639e-01 3.7927648e-01 5.9384399e-01
    outer loop
      vertex 6.9134172e-01 -4.6193977e-01 4.4442977e-01
      vertex 7.6817776e-01 -3.1818965e-01 4.4442977e-01
      vertex 6.4273470e-01 -4.2946160e-01 3.6560672e-01
    endloop
  endfacet
  facet normal -7.0957639e-01 3.7927648e-01 5.9384399e-01
    outer loop
      vertex 7.6817776e-01 -3.1818965e-01 4.4442977e-01
      vertex 7.1416854e-01 -2.9581829e-01 3.6560672e-01
      vertex 6.4273470e-01 -4.2946160e-01 3.6560672e-01
    endloop
  endfacet
  facet normal -7.6993525e-01 2.3355731e-01 5.9384399e-01
    outer loop
      vertex 7.6817776e-01 -3.1818965e-01 4.4442977e-01
      vertex 8.1549316e-01 -1.6221167e-01 4.4442977e-01
      vertex 7.1416854e-01 -2.9581829e-01 3.6560672e-01
    endloop
  endfacet
  facet normal -7.6993525e-01 2.3355731e-01 5.9384399e-01
    outer loop
      vertex 8.1549316e-01 -1.6221167e-01 4.4442977e-01
      vertex 7.5815727e-01 -1.5080686e-01 3.6560672e-01
      vertex 7.1416854e-01 -2.9581829e-01 3.6560672e-01
    endloop
  endfacet
  facet normal -8.0070593e-01 7.8862651e-02 5.9384399e-01
    outer loop
      vertex 8.1549316e-01 -1.6221167e-01 4.4442977e-01
      vertex 8.3146961e-01 0.0000000e+00 4.4442977e-01
      vertex 7.5815727e-01 -1.5080686e-01 3.6560672e-01
    endloop
  endfacet
  facet normal -8.0070593e-01 7.8862651e-02 5.9384399e-01
    outer loop
      vertex 8.3146961e-01 0.0000000e+00 4.4442977e-01
      vertex 7.7301045e-01 0.0000000e+00 3.6560672e-01
      vertex 7.5815727e-01 -1.5080686e-01 3.6560672e-01
    endloop
  endfacet
  facet normal -7.3898593e-01 -7.2783762e-02 6.6977781e-01
    outer loop
      vertex 7.7301045e-01 0.0000000e+00 3.6560672e-01
      vertex 7.5815727e-01 1.5080686e-01 3.6560672e-01
      vertex 7.0710678e-01 0.0000000e+00 2.9289322e-01
    endloop
  endfacet
  facet normal -7.3898593e-01 -7.2783762e-02 6.6977781e-01
    outer loop
      vertex 7.5815727e-01 1.5080686e-01 3.6560672e-01
      vertex 6.9351992e-01 1.3794969e-01 2.9289322e-01
      vertex 7.0710678e-01 0.0000000e+00 2.9289322e-01
    endloop
  endfacet
  facet normal -7.1058712e-01 -2.1555425e-01 6.6977781e-01
    outer loop
      vertex 7.5815727e-01 1.5080686e-01 3.6560672e-01
      vertex 7.1416854e-01 2.9581829e-01 3.6560672e-01
      vertex 6.9351992e-01 1.3794969e-01 2.9289322e-01
    endloop
  endfacet
  facet normal -7.1058712e-01 -2.1555425e-01 6.6977781e-01
    outer loop
      vertex 7.1416854e-01 2.9581829e-01 3.6560672e-01
      vertex 6.5328148e-01 2.7059805e-01 2.9289322e-01
      vertex 6.9351992e-01 1.3794969e-01 2.9289322e-01
    endloop
  endfacet
  facet normal -6.5488084e-01 -3.5004110e-01 6.6977781e-01
    outer loop
      vertex 7.1416854e-01 2.9581829e-01 3.6560672e-01
      vertex 6.4273470e-01 4.2946160e-01 3.6560672e-01
      vertex 6.5328148e-01 2.7059805e-01 2.9289322e-01
    endloop
  endfacet
  facet normal -6.5488084e-01 -3.5004110e-01 6.6977781e-01
    outer loop
      vertex 6.4273470e-01 4.2946160e-01 3.6560672e-01
      vertex 5.8793780e-01 3.9284748e-01 2.9289322e-01
      vertex 6.5328148e-01 2.7059805e-01 2.9289322e-01
    endloop
  endfacet
  facet normal -5.7400786e-01 -4.7107607e-01 6.6977781e-01
    outer loop
      vertex 6.4273470e-01 4.2946160e-01 3.6560672e-01
      vertex 5.4660093e-01 5.4660093e-01 3.6560672e-01
      vertex 5.8793780e-01 3.9284748e-01 2.9289322e-01
    endloop
  endfacet
  facet normal -5.7400786e-01 -4.7107607e-01 6.6977781e-01
    outer loop
      vertex 5.4660093e-01 5.4660093e-01 3.6560672e-01
      vertex 5.0000000e-01 5.0000000e-01 2.9289322e-01
      vertex 5.8793780e-01 3.9284748e-01 2.9289322e-01
    endloop
  endfacet
  facet normal -4.7107607e-01 -5.7400786e-01 6.6977781e-01
    outer loop
      vertex 5.4660093e-01 5.4660093e-01 3.6560672e-01
      vertex 4.2946160e-01 6.4273470e-01 3.6560672e-01
      vertex 5.0000000e-01 5.0000000e-01 2.9289322e-01
    endloop
  endfacet
  facet normal -4.7107607e-01 -5.7400786e-01 6.6977781e-01
    outer loop
      vertex 4.2946160e-01 6.4273470e-01 3.6560672e-01
      vertex 3.9284748e-01 5.8793780e-01 2.9289322e-01
      vertex 5.0000000e-01 5.0000000e-01 2.9289322e-01
    endloop
  endfacet
  facet normal -3.5004110e-01 -6.5488084e-01 6.6977781e-01
    outer loop
      vertex 4.2946160e-01 6.4273470e-01 3.6560672e-01
      vertex 2.9581829e-01 7.1416854e-01 3.6560672e-01
      vertex 3.9284748e-01 5.8793780e-01 2.9289322e-01
    endloop
  endfacet
  facet normal -3.5004110e-01 -6.5488084e-01 6.6977781e-01
    outer loop
      vertex 2.9581829e-01 7.1416854e-01 3.6560672e-01
      vertex 2.7059805e-01 6.5328148e-01 2.9289322e-01
      vertex 3.9284748e-01 5.8793780e-01 2.9289322e-01
    endloop
  endfacet
  facet normal -2.1555425e-01 -7.1058712e-01 6.6977781e-01
    outer loop
      vertex 2.9581829e-01 7.1416854e-01 3.6560672e-01
      vertex 1.5080686e-01 7.5815727e-01 3.6560672e-01
      vertex 2.7059805e-01 6.5328148e-01 2.9289322e-01
    endloop
  endfacet
  facet normal -2.1555425e-01 -7.1058712e-01 6.6977781e-01
    outer loop
      vertex 1.5080686e-01 7.5815727e-01 3.6560672e-01
      vertex 1.3794969e-01 6.9351992e-01 2.9289322e-01
      vertex 2.7059805e-01 6.5328148e-01 2.9289322e-01
    endloop
  endfacet
  facet normal -7.2783762e-02 -7.3898593e-01 6.6977781e-01
    outer loop
      vertex 1.5080686e-01 7.5815727e-01 3.6560672e-01
      vertex 4.7333239e-17 7.7301045e-01 3.6560672e-01
      vertex 1.3794969e-01 6.9351992e-01 2.9289322e-01
    endloop
  endfacet
  facet normal -7.2783762e-02 -7.3898593e-01 6.6977781e-01
    outer loop
      vertex 4.7333239e-17 7.7301045e-01 3.6560672e-01
      vertex 4.3297803e-17 7.0710678e-01 2.9289322e-01
      vertex 1.3794969e-01 6.9351992e-01 2.9289322e-01
    endloop
  endfacet
  facet normal 7.2783762e-02 -7.3898593e-01 6.6977781e-01
    outer loop
      vertex 4.7333239e-17 7.7301045e-01 3.6560672e-01
      vertex -1.5080686e-01 7.5815727e-01 3.6560672e-01
      vertex 4.3297803e-17 7.0710678e-01 2.9289322e-01
    endloop
  endfacet
  facet normal 7.2783762e-02 -7.3898593e-01 6.6977781e-01
    outer loop
      vertex -1.5080686e-01 7.5815727e-01 3.6560672e-01
      vertex -1.3794969e-01 6.9351992e-01 2.9289322e-01
      vertex 4.3297803e-17 7.0710678e-01 2.9289322e-01
    endloop
  endfacet
  facet normal 2.1555425e-01 -7.1058712e-01 6.6977781e-01
    outer loop
      vertex -1.5080686e-01 7.5815727e-01 3.6560672e-01
      vertex -2.9581829e-01 7.1416854e-01 3.6560672e-01
      vertex -1.3794969e-01 6.9351992e-01 2.9289322e-01
    endloop
  endfacet
  facet normal 2.1555425e-01 -7.1058712e-01 6.6977781e-01
    outer loop
      vertex -2.9581829e-01 7.1416854e-01 3.6560672e-01
      vertex -2.7059805e-01 6.5328148e-01 2.9289322e-01
      vertex -1.3794969e-01 6.9351992e-01 2.9289322e-01
    endloop
  endfacet
  facet normal 3.5004110e-01 -6.5488084e-01 6.6977781e-01
    outer loop
      vertex -2.9581829e-01 7.1416854e-01 3.6560672e-01
      vertex -4.2946160e-01 6.4273470e-01 3.6560672e-01
      vertex -2.7059805e-01 6.5328148e-01 2.9289322e-01
    endloop
  endfacet
  facet normal 3.5004110e-01 -6.5488084e-01 6.6977781e-01
    outer loop
      vertex -4.2946160e-01 6.4273470e-01 3.6560672e-01
      vertex -3.9284748e-01 5.8793780e-01 2.9289322e-01
      vertex -2.7059805e-01 6.5328148e-01 2.9289322e-01
    endloop
  endfacet
  facet normal 4.7107607e-01 -5.7400786e-01 6.6977781e-01
    outer loop
      vertex -4.2946160e-01 6.4273470e-01 3.6560672e-01
      vertex -5.4660093e-01 5.4660093e-01 3.6560672e-01
      vertex -3.9284748e-01 5.8793780e-01 2.9289322e-01
    endloop
  endfacet
  facet normal 4.7107607e-01 -5.7400786e-01 6.6977781e-01
    outer loop
      vertex -5.4660093e-01 5.4660093e-01 3.6560672e-01
      vertex -5.0000000e-01 5.0000000e-01 2.9289322e-01
      vertex -3.9284748e-01 5.8793780e-01 2.9289322e-01
    endloop
  endfacet
  facet normal 5.7400786e-01 -4.7107607e-01 6.6977781e-01
    outer loop
      vertex -5.4660093e-01 5.4660093e-01 3.6560672e-01
      vertex -6.4273470e-01 4.2946160e-01 3.6560672e-01
      vertex -5.0000000e-01 5.0000000e-01 2.9289322e-01
    endloop
  endfacet
  facet normal 5.7400786e-01 -4.7107607e-01 6.6977781e-01
    outer loop
      vertex -6.4273470e-01 4.2946160e-01 3.6560672e-01
      vertex -5.8793780e-01 3.9284748e-01 2.9289322e-01
      vertex -5.0000000e-01 5.0000000e-01 2.9289322e-01
    endloop
  endfacet
  facet normal 6.5488084e-01 -3.5004110e-01 6.6977781e-01
    outer loop
      vertex -6.4273470e-01 4.2946160e-01 3.6560672e-01
      vertex -7.1416854e-01 2.9581829e-01 3.6560672e-01
      vertex -5.8793780e-01 3.9284748e-01 2.9289322e-01
    endloop
  endfacet
  facet normal 6.5488084e-01 -3.5004110e-01 6.6977781e-01
    outer loop
      vertex -7.1416854e-01 2.9581829e-01 3.6560672e-01
      vertex -6.5328148e-01 2.7059805e-01 2.9289322e-01
      vertex -5.8793780e-01 3.9284748e-01 2.9289322e-01
    endloop
  endfacet
  facet normal 7.1058712e-01 -2.1555425e-01 6.6977781e-01
    outer loop
      vertex -7.1416854e-01 2.9581829e-01 3.6560672e-01
      vertex -7.5815727e-01 1.5080686e-01 3.6560672e-01
      vertex -6.5328148e-01 2.7059805e-01 2.9289322e-01
    endloop
  endfacet
  facet normal 7.1058712e-01 -2.1555425e-01 6.6977781e-01
    outer loop
      vertex -7.5815727e-01 1.5080686e-01 3.6560672e-01
      vertex -6.9351992e-01 1.3794969e-01 2.9289322e-01
      vertex -6.5328148e-01 2.7059805e-01 2.9289322e-01
    endloop
  endfacet
  facet normal 7.3898593e-01 -7.2783762e-02 6.6977781e-01
    outer loop
      vertex -7.5815727e-01 1.5080686e-01 3.6560672e-01
      vertex -7.7301045e-01 9.4666478e-17 3.6560672e-01
      vertex -6.9351992e-01 1.3794969e-01 2.9289322e-01
    endloop
  endfacet
  facet normal 7.3898593e-01 -7.2783762e-02 6.6977781e-01
    outer loop
      vertex -7.7301045e-01 9.4666478e-17 3.6560672e-01
      vertex -7.0710678e-01 8.6595606e-17 2.9289322e-01
      vertex -6.9351992e-01 1.3794969e-01 2.9289322e-01
    endloop
  endfacet
  facet normal 7.3898593e-01 7.2783762e-02 6.6977781e-01
    outer loop
      vertex -7.7301045e-01 9.4666478e-17 3.6560672e-01
      vertex -7.5815727e-01 -1.5080686e-01 3.6560672e-01
      vertex -7.0710678e-01 8.6595606e-17 2.9289322e-01
    endloop
  endfacet
  facet normal 7.3898593e-01 7.2783762e-02 6.6977781e-01
    outer loop
      vertex -7.5815727e-01 -1.5080686e-01 3.6560672e-01
      vertex -6.9351992e-01 -1.3794969e-01 2.9289322e-01
      vertex -7.0710678e-01 8.6595606e-17 2.9289322e-01
    endloop
  endfacet
  facet normal 7.1058712e-01 2.1555425e-01 6.6977781e-01
    outer loop
      vertex -7.5815727e-01 -1.5080686e-01 3.6560672e-01
      vertex -7.1416854e-01 -2.9581829e-01 3.6560672e-01
      vertex -6.9351992e-01 -1.3794969e-01 2.9289322e-01
    endloop
  endfacet
  facet normal 7.1058712e-01 2.1555425e-01 6.6977781e-01
    outer loop
      vertex -7.1416854e-01 -2.9581829e-01 3.6560672e-01
      vertex -6.5328148e-01 -2.7059805e-01 2.9289322e-01
      vertex -6.9351992e-01 -1.3794969e-01 2.9289322e-01
    endloop
  endfacet
  facet normal 6.5488084e-01 3.5004110e-01 6.6977781e-01
    outer loop
      vertex -7.1416854e-01 -2.9581829e-01 3.6560672e-01
      vertex -6.4273470e-01 -4.2946160e-01 3.6560672e-01
      vertex -6.5328148e-01 -2.7059805e-01 2.9289322e-01
    endloop
  endfacet
  facet normal 6.5488084e-01 3.5004110e-01 6.6977781e-01
    outer loop
      vertex -6.4273470e-01 -4.2946160e-01 3.6560672e-01
      vertex -5.8793780e-01 -3.9284748e-01 2.9289322e-01
      vertex -6.5328148e-01 -2.7059805e-01 2.9289322e-01
    endloop
  endfacet
  facet normal 5.7400786e-01 4.7107607e-01 6.6977781e-01
    outer loop
      vertex -6.4273470e-01 -4.2946160e-01 3.6560672e-01
      vertex -5.4660093e-01 -5.4660093e-01 3.6560672e-01
      vertex -5.8793780e-01 -3.9284748e-01 2.9289322e-01
    endloop
  endfacet
  facet normal 5.7400786e-01 4.7107607e-01 6.6977781e-01
    outer loop
      vertex -5.4660093e-01 -5.4660093e-01 3.6560672e-01
      vertex -5.0000000e-01 -5.0000000e-01 2.9289322e-01
      vertex -5.8793780e-01 -3.9284748e-01 2.9289322e-01
    endloop
  endfacet
  facet normal 4.7107607e-01 5.7400786e-01 6.6977781e-01
    outer loop
      vertex -5.4660093e-01 -5.4660093e-01 3.6560672e-01
      vertex -4.2946160e-01 -6.4273470e-01 3.6560672e-01
      vertex -5.0000000e-01 -5.0000000e-01 2.9289322e-01
    endloop
  endfacet
  facet normal 4.7107607e-01 5.7400786e-01 6.6977781e-01
    outer loop
      vertex -4.2946160e-01 -6.4273470e-01 3.6560672e-01
      vertex -3.9284748e-01 -5.8793780e-01 2.9289322e-01
      vertex -5.0000000e-01 -5.0000000e-01 2.9289322e-01
    endloop
  endfacet
  facet normal 3.5004110e-01 6.5488084e-01 6.6977781e-01
    outer loop
      vertex -4.2946160e-01 -6.4273470e-01 3.6560672e-01
      vertex -2.9581829e-01 -7.1416854e-01 3.6560672e-01
      vertex -3.9284748e-01 -5.8793780e-01 2.9289322e-01
    endloop
  endfacet
  facet normal 3.5004110e-01 6.5488084e-01 6.6977781e-01
    outer loop
      vertex -2.9581829e-01 -7.1416854e-01 3.6560672e-01
      vertex -2.7059805e-01 -6.5328148e-01 2.9289322e-01
      vertex -3.9284748e-01 -5.8793780e-01 2.9289322e-01
    endloop
  endfacet
  facet normal 2.1555425e-01 7.1058712e-01 6.6977781e-01
    outer loop
      vertex -2.9581829e-01 -7.1416854e-01 3.6560672e-01
      vertex -1.5080686e-01 -7.5815727e-01 3.6560672e-01
      vertex -2.7059805e-01 -6.5328148e-01 2.9289322e-01
    endloop
  endfacet
  facet normal 2.1555425e-01 7.1058712e-01 6.6977781e-01
    outer loop
      vertex -1.5080686e-01 -7.5815727e-01 3.6560672e-01
      vertex -1.3794969e-01 -6.9351992e-01 2.9289322e-01
      vertex -2.7059805e-01 -6.5328148e-01 2.9289322e-01
    endloop
  endfacet
  facet normal 7.2783762e-02 7.3898593e-01 6.6977781e-01
    outer loop
      vertex -1.5080686e-01 -7.5815727e-01 3.6560672e-01
      vertex -1.4199972e-16 -7.7301045e-01 3.6560672e-01
      vertex -1.3794969e-01 -6.9351992e-01 2.9289322e-01
    endloop
  endfacet
  facet normal 7.2783762e-02 7.3898593e-01 6.6977781e-01
    outer loop
      vertex -1.4199972e-16 -7.7301045e-01 3.6560672e-01
      vertex -1.2989341e-16 -7.0710678e-01 2.9289322e-01
      vertex -1.3794969e-01 -6.9351992e-01 2.9289322e-01
    endloop
  endfacet
  facet normal -7.2783762e-02 7.3898593e-01 6.6977781e-01
    outer loop
      vertex -1.4199972e-16 -7.7301045e-01 3.6560672e-01
      vertex 1.5080686e-01 -7.5815727e-01 3.6560672e-01
      vertex -1.2989341e-16 -7.0710678e-01 2.9289322e-01
    endloop
  endfacet
  facet normal -7.2783762e-02 7.3898593e-01 6.6977781e-01
    outer loop
      vertex 1.5080686e-01 -7.5815727e-01 3.6560672e-01
      vertex 1.3794969e-01 -6.9351992e-01 2.9289322e-01
      vertex -1.2989341e-16 -7.0710678e-01 2.9289322e-01
    endloop
  endfacet
  facet normal -2.1555425e-01 7.1058712e-01 6.6977781e-01
    outer loop
      vertex 1.5080686e-01 -7.5815727e-01 3.6560672e-01
      vertex 2.9581829e-01 -7.1416854e-01 3.6560672e-01
      vertex 1.3794969e-01 -6.9351992e-01 2.9289322e-01
    endloop
  endfacet
  facet normal -2.1555425e-01 7.1058712e-01 6.6977781e-01
    outer loop
      vertex 2.9581829e-01 -7.1416854e-01 3.6560672e-01
      vertex 2.7059805e-01 -6.5328148e-01 2.9289322e-01
      vertex 1.3794969e-01 -6.9351992e-01 2.9289322e-01
    endloop
  endfacet
  facet normal -3.5004110e-01 6.5488084e-01 6.6977781e-01
    outer loop
      vertex 2.9581829e-01 -7.1416854e-01 3.6560672e-01
      vertex 4.2946160e-01 -6.4273470e-01 3.6560672e-01
      vertex 2.7059805e-01 -6.5328148e-01 2.9289322e-01
    endloop
  endfacet
  facet normal -3.5004110e-01 6.5488084e-01 6.6977781e-01
    outer loop
      vertex 4.2946160e-01 -6.4273470e-01 3.6560672e-01
      vertex 3.9284748e-01 -5.8793780e-01 2.9289322e-01
      vertex 2.7059805e-01 -6.5328148e-01 2.9289322e-01
    endloop
  endfacet
  facet normal -4.7107607e-01 5.7400786e-01 6.6977781e-01
    outer loop
      vertex 4.2946160e-01 -6.4273470e-01 3.6560672e-01
      vertex 5.4660093e-01 -5.4660093e-01 3.6560672e-01
      vertex 3.9284748e-01 -5.8793780e-01 2.9289322e-01
    endloop
  endfacet
  facet normal -4.7107607e-01 5.7400786e-01 6.6977781e-01
    outer loop
      vertex 5.4660093e-01 -5.4660093e-01 3.6560672e-01
      vertex 5.0000000e-01 -5.0000000e-01 2.9289322e-01
      vertex 3.9284748e-01 -5.8793780e-01 2.9289322e-01
    endloop
  endfacet
  facet normal -5.7400786e-01 4.7107607e-01 6.6977781e-01
    outer loop
      vertex 5.4660093e-01 -5.4660093e-01 3.6560672e-01
      vertex 6.4273470e-01 -4.2946160e-01 3.6560672e-01
      vertex 5.0000000e-01 -5.0000000e-01 2.9289322e-01
    endloop
  endfacet
  facet normal -5.7400786e-01 4.7107607e-01 6.6977781e-01
    outer loop
      vertex 6.4273470e-01 -4.2946160e-01 3.6560672e-01
      vertex 5.8793780e-01 -3.9284748e-01 2.9289322e-01
      vertex 5.0000000e-01 -5.0000000e-01 2.9289322e-01
    endloop
  endfacet
  facet normal -6.5488084e-01 3.5004110e-01 6.6977781e-01
    outer loop
      vertex 6.4273470e-01 -4.2946160e-01 3.6560672e-01
      vertex 7.1416854e-01 -2.9581829e-01 3.6560672e-01
      vertex 5.8793780e-01 -3.9284748e-01 2.9289322e-01
    endloop
  endfacet
  facet normal -6.5488084e-01 3.5004110e-01 6.6977781e-01
    outer loop
      vertex 7.1416854e-01 -2.9581829e-01 3.6560672e-01
      vertex 6.5328148e-01 -2.7059805e-01 2.9289322e-01
      vertex 5.8793780e-01 -3.9284748e-01 2.9289322e-01
    endloop
  endfacet
  facet normal -7.1058712e-01 2.1555425e-01 6.6977781e-01
    outer loop
      vertex 7.1416854e-01 -2.9581829e-01 3.6560672e-01
      vertex 7.5815727e-01 -1.5080686e-01 3.6560672e-01
      vertex 6.5328148e-01 -2.7059805e-01 2.9289322e-01
    endloop
  endfacet
  facet normal -7.1058712e-01 2.1555425e-01 6.6977781e-01
    outer loop
      vertex 7.5815727e-01 -1.5080686e-01 3.6560672e-01
      vertex 6.9351992e-01 -1.3794969e-01 2.9289322e-01
      vertex 6.5328148e-01 -2.7059805e-01 2.9289322e-01
    endloop
  endfacet
  facet normal -7.3898593e-01 7.2783762e-02 6.6977781e-01
    outer loop
      vertex 7.5815727e-01 -1.5080686e-01 3.6560672e-01
      vertex 7.7301045e-01 0.0000000e+00 3.6560672e-01
      vertex 6.9351992e-01 -1.3794969e-01 2.9289322e-01
    endloop
  endfacet
  facet normal -7.3898593e-01 7.2783762e-02 6.6977781e-01
    outer loop
      vertex 7.7301045e-01 0.0000000e+00 3.6560672e-01
      vertex 7.0710678e-01 0.0000000e+00 2.9289322e-01
      vertex 6.9351992e-01 -1.3794969e-01 2.9289322e-01
    endloop
  endfacet
  facet normal -6.7009477e-01 -6.5998574e-02 7.3933564e-01
    outer loop
      vertex 7.0710678e-01 0.0000000e+00 2.9289322e-01
      vertex 6.9351992e-01 1.3794969e-01 2.9289322e-01
      vertex 6.3439328e-01 0.0000000e+00 2.2698955e-01
    endloop
  endfacet
  facet normal -6.7009477e-01 -6.5998574e-02 7.3933564e-01
    outer loop
      vertex 6.9351992e-01 1.3794969e-01 2.9289322e-01
      vertex 6.2220360e-01 1.2376399e-01 2.2698955e-01
      vertex 6.3439328e-01 0.0000000e+00 2.2698955e-01
    endloop
  endfacet
  facet normal -6.4434340e-01 -1.9545943e-01 7.3933564e-01
    outer loop
      vertex 6.9351992e-01 1.3794969e-01 2.9289322e-01
      vertex 6.5328148e-01 2.7059805e-01 2.9289322e-01
      vertex 6.2220360e-01 1.2376399e-01 2.2698955e-01
    endloop
  endfacet
  facet normal -6.4434340e-01 -1.9545943e-01 7.3933564e-01
    outer loop
      vertex 6.5328148e-01 2.7059805e-01 2.9289322e-01
      vertex 5.8610297e-01 2.4277180e-01 2.2698955e-01
      vertex 6.2220360e-01 1.2376399e-01 2.2698955e-01
    endloop
  endfacet
  facet normal -5.9383028e-01 -3.1740890e-01 7.3933564e-01
    outer loop
      vertex 6.5328148e-01 2.7059805e-01 2.9289322e-01
      vertex 5.8793780e-01 3.9284748e-01 2.9289322e-01
      vertex 5.8610297e-01 2.4277180e-01 2.2698955e-01
    endloop
  endfacet
  facet normal -5.9383028e-01 -3.1740890e-01 7.3933564e-01
    outer loop
      vertex 5.8793780e-01 3.9284748e-01 2.9289322e-01
      vertex 5.2747874e-01 3.5245002e-01 2.2698955e-01
      vertex 5.8610297e-01 2.4277180e-01 2.2698955e-01
    endloop
  endfacet
  facet normal -5.2049659e-01 -4.2716051e-01 7.3933564e-01
    outer loop
      vertex 5.8793780e-01 3.9284748e-01 2.9289322e-01
      vertex 5.0000000e-01 5.0000000e-01 2.9289322e-01
      vertex 5.2747874e-01 3.5245002e-01 2.2698955e-01
    endloop
  endfacet
  facet normal -5.2049659e-01 -4.2716051e-01 7.3933564e-01
    outer loop
      vertex 5.0000000e-01 5.0000000e-01 2.9289322e-01
      vertex 4.4858379e-01 4.4858379e-01 2.2698955e-01
      vertex 5.2747874e-01 3.5245002e-01 2.2698955e-01
    endloop
  endfacet
  facet normal -4.2716051e-01 -5.2049659e-01 7.3933564e-01
    outer loop
      vertex 5.0000000e-01 5.0000000e-01 2.9289322e-01
      vertex 3.9284748e-01 5.8793780e-01 2.9289322e-01
      vertex 4.4858379e-01 4.4858379e-01 2.2698955e-01
    endloop
  endfacet
  facet normal -4.2716051e-01 -5.2049659e-01 7.3933564e-01
    outer loop
      vertex 3.9284748e-01 5.8793780e-01 2.9289322e-01
      vertex 3.5245002e-01 5.2747874e-01 2.2698955e-01
      vertex 4.4858379e-01 4.4858379e-01 2.2698955e-01
    endloop
  endfacet
  facet normal -3.1740890e-01 -5.9383028e-01 7.3933564e-01
    outer loop
      vertex 3.9284748e-01 5.8793780e-01 2.9289322e-01
      vertex 2.7059805e-01 6.5328148e-01 2.9289322e-01
      vertex 3.5245002e-01 5.2747874e-01 2.2698955e-01
    endloop
  endfacet
  facet normal -3.1740890e-01 -5.9383028e-01 7.3933564e-01
    outer loop
      vertex 2.7059805e-01 6.5328148e-01 2.9289322e-01
      vertex 2.4277180e-01 5.8610297e-01 2.2698955e-01
      vertex 3.5245002e-01 5.2747874e-01 2.2698955e-01
    endloop
  endfacet
  facet normal -1.9545943e-01 -6.4434340e-01 7.3933564e-01
    outer loop
      vertex 2.7059805e-01 6.5328148e-01 2.9289322e-01
      vertex 1.3794969e-01 6.9351992e-01 2.9289322e-01
      vertex 2.4277180e-01 5.8610297e-01 2.2698955e-01
    endloop
  endfacet
  facet normal -1.9545943e-01 -6.4434340e-01 7.3933564e-01
    outer loop
      vertex 1.3794969e-01 6.9351992e-01 2.9289322e-01
      vertex 1.2376399e-01 6.2220360e-01 2.2698955e-01
      vertex 2.4277180e-01 5.8610297e-01 2.2698955e-01
    endloop
  endfacet
  facet normal -6.5998574e-02 -6.7009477e-01 7.3933564e-01
    outer loop
      vertex 1.3794969e-01 6.9351992e-01 2.9289322e-01
      vertex 4.3297803e-17 7.0710678e-01 2.9289322e-01
      vertex 1.2376399e-01 6.2220360e-01 2.2698955e-01
    endloop
  endfacet
  facet normal -6.5998574e-02 -6.7009477e-01 7.3933564e-01
    outer loop
      vertex 4.3297803e-17 7.0710678e-01 2.9289322e-01
      vertex 3.8845385e-17 6.3439328e-01 2.2698955e-01
      vertex 1.2376399e-01 6.2220360e-01 2.2698955e-01
    endloop
  endfacet
  facet normal 6.5998574e-02 -6.7009477e-01 7.3933564e-01
    outer loop
      vertex 4.3297803e-17 7.0710678e-01 2.9289322e-01
      vertex -1.3794969e-01 6.9351992e-01 2.9289322e-01
      vertex 3.8845385e-17 6.3439328e-01 2.2698955e-01
    endloop
  endfacet
  facet normal 6.5998574e-02 -6.7009477e-01 7.3933564e-01
    outer loop
      vertex -1.3794969e-01 6.9351992e-01 2.9289322e-01
      vertex -1.2376399e-01 6.2220360e-01 2.2698955e-01
      vertex 3.8845385e-17 6.3439328e-01 2.2698955e-01
    endloop
  endfacet
  facet normal 1.9545943e-01 -6.4434340e-01 7.3933564e-01
    outer loop
      vertex -1.3794969e-01 6.9351992e-01 2.9289322e-01
      vertex -2.7059805e-01 6.5328148e-01 2.9289322e-01
      vertex -1.2376399e-01 6.2220360e-01 2.2698955e-01
    endloop
  endfacet
  facet normal 1.9545943e-01 -6.4434340e-01 7.3933564e-01
    outer loop
      vertex -2.7059805e-01 6.5328148e-01 2.9289322e-01
      vertex -2.4277180e-01 5.8610297e-01 2.2698955e-01
      vertex -1.2376399e-01 6.2220360e-01 2.2698955e-01
    endloop
  endfacet
  facet normal 3.1740890e-01 -5.9383028e-01 7.3933564e-01
    outer loop
      vertex -2.7059805e-01 6.5328148e-01 2.9289322e-01
      vertex -3.9284748e-01 5.8793780e-01 2.9289322e-01
      vertex -2.4277180e-01 5.8610297e-01 2.2698955e-01
    endloop
  endfacet
  facet normal 3.1740890e-01 -5.9383028e-01 7.3933564e-01
    outer loop
      vertex -3.9284748e-01 5.8793780e-01 2.9289322e-01
      vertex -3.5245002e-01 5.2747874e-01 2.2698955e-01
      vertex -2.4277180e-01 5.8610297e-01 2.2698955e-01
    endloop
  endfacet
  facet normal 4.2716051e-01 -5.2049659e-01 7.3933564e-01
    outer loop
      vertex -3.9284748e-01 5.8793780e-01 2.9289322e-01
      vertex -5.0000000e-01 5.0000000e-01 2.9289322e-01
      vertex -3.5245002e-01 5.2747874e-01 2.2698955e-01
    endloop
  endfacet
  facet normal 4.2716051e-01 -5.2049659e-01 7.3933564e-01
    outer loop
      vertex -5.0000000e-01 5.0000000e-01 2.9289322e-01
      vertex -4.4858379e-01 4.4858379e-01 2.2698955e-01
      vertex -3.5245002e-01 5.2747874e-01 2.2698955e-01
    endloop
  endfacet
  facet normal 5.2049659e-01 -4.2716051e-01 7.3933564e-01
    outer loop
      vertex -5.0000000e-01 5.0000000e-01 2.9289322e-01
      vertex -5.8793780e-01 3.9284748e-01 2.9289322e-01
      vertex -4.4858379e-01 4.4858379e-01 2.2698955e-01
    endloop
  endfacet
  facet normal 5.2049659e-01 -4.2716051e-01 7.3933564e-01
    outer loop
      vertex -5.8793780e-01 3.9284748e-01 2.9289322e-01
      vertex -5.2747874e-01 3.5245002e-01 2.2698955e-01
      vertex -4.4858379e-01 4.4858379e-01 2.2698955e-01
    endloop
  endfacet
  facet normal 5.9383028e-01 -3.1740890e-01 7.3933564e-01
    outer loop
      vertex -5.8793780e-01 3.9284748e-01 2.9289322e-01
      vertex -6.5328148e-01 2.7059805e-01 2.9289322e-01
      vertex -5.2747874e-01 3.5245002e-01 2.2698955e-01
    endloop
  endfacet
  facet normal 5.9383028e-01 -3.1740890e-01 7.3933564e-01
    outer loop
      vertex -6.5328148e-01 2.7059805e-01 2.9289322e-01
      vertex -5.8610297e-01 2.4277180e-01 2.2698955e-01
      vertex -5.2747874e-01 3.5245002e-01 2.2698955e-01
    endloop
  endfacet
  facet normal 6.4434340e-01 -1.9545943e-01 7.3933564e-01
    outer loop
      vertex -6.5328148e-01 2.7059805e-01 2.9289322e-01
      vertex -6.9351992e-01 1.3794969e-01 2.9289322e-01
      vertex -5.8610297e-01 2.4277180e-01 2.2698955e-01
    endloop
  endfacet
  facet normal 6.4434340e-01 -1.9545943e-01 7.3933564e-01
    outer loop
      vertex -6.9351992e-01 1.3794969e-01 2.9289322e-01
      vertex -6.2220360e-01 1.2376399e-01 2.2698955e-01
      vertex -5.8610297e-01 2.4277180e-01 2.2698955e-01
    endloop
  endfacet
  facet normal 6.7009477e-01 -6.5998574e-02 7.3933564e-01
    outer loop
      vertex -6.9351992e-01 1.3794969e-01 2.9289322e-01
      vertex -7.0710678e-01 8.6595606e-17 2.9289322e-01
      vertex -6.2220360e-01 1.2376399e-01 2.2698955e-01
    endloop
  endfacet
  facet normal 6.7009477e-01 -6.5998574e-02 7.3933564e-01
    outer loop
      vertex -7.0710678e-01 8.6595606e-17 2.9289322e-01
      vertex -6.3439328e-01 7.7690770e-17 2.2698955e-01
      vertex -6.2220360e-01 1.2376399e-01 2.2698955e-01
    endloop
  endfacet
  facet normal 6.7009477e-01 6.5998574e-02 7.3933564e-01
    outer loop
      vertex -7.0710678e-01 8.6595606e-17 2.9289322e-01
      vertex -6.9351992e-01 -1.3794969e-01 2.9289322e-01
      vertex -6.3439328e-01 7.7690770e-17 2.2698955e-01
    endloop
  endfacet
  facet normal 6.7009477e-01 6.5998574e-02 7.3933564e-01
    outer loop
      vertex -6.9351992e-01 -1.3794969e-01 2.9289322e-01
      vertex -6.2220360e-01 -1.2376399e-01 2.2698955e-01
      vertex -6.3439328e-01 7.7690770e-17 2.2698955e-01
    endloop
  endfacet
  facet normal 6.4434340e-01 1.9545943e-01 7.3933564e-01
    outer loop
      vertex -6.9351992e-01 -1.3794969e-01 2.9289322e-01
      vertex -6.5328148e-01 -2.7059805e-01 2.9289322e-01
      vertex -6.2220360e-01 -1.2376399e-01 2.2698955e-01
    endloop
  endfacet
  facet normal 6.4434340e-01 1.9545943e-01 7.3933564e-01
    outer loop
      vertex -6.5328148e-01 -2.7059805e-01 2.9289322e-01
      vertex -5.8610297e-01 -2.4277180e-01 2.2698955e-01
      vertex -6.2220360e-01 -1.2376399e-01 2.2698955e-01
    endloop
  endfacet
  facet normal 5.9383028e-01 3.1740890e-01 7.3933564e-01
    outer loop
      vertex -6.5328148e-01 -2.7059805e-01 2.9289322e-01
      vertex -5.8793780e-01 -3.9284748e-01 2.9289322e-01
      vertex -5.8610297e-01 -2.4277180e-01 2.2698955e-01
    endloop
  endfacet
  facet normal 5.9383028e-01 3.1740890e-01 7.3933564e-01
    outer loop
      vertex -5.8793780e-01 -3.9284748e-01 2.9289322e-01
      vertex -5.2747874e-01 -3.5245002e-01 2.2698955e-01
      vertex -5.8610297e-01 -2.4277180e-01 2.2698955e-01
    endloop
  endfacet
  facet normal 5.2049659e-01 4.2716051e-01 7.3933564e-01
    outer loop
      vertex -5.8793780e-01 -3.9284748e-01 2.9289322e-01
      vertex -5.0000000e-01 -5.0000000e-01 2.9289322e-01
      vertex -5.2747874e-01 -3.5245002e-01 2.2698955e-01
    endloop
  endfacet
  facet normal 5.2049659e-01 4.2716051e-01 7.3933564e-01
    outer loop
      vertex -5.0000000e-01 -5.0000000e-01 2.9289322e-01
      vertex -4.4858379e-01 -4.4858379e-01 2.2698955e-01
      vertex -5.2747874e-01 -3.5245002e-01 2.2698955e-01
    endloop
  endfacet
  facet normal 4.2716051e-01 5.2049659e-01 7.3933564e-01
    outer loop
      vertex -5.0000000e-01 -5.0000000e-01 2.9289322e-01
      vertex -3.9284748e-01 -5.8793780e-01 2.9289322e-01
      vertex -4.4858379e-01 -4.4858379e-01 2.2698955e-01
    endloop
  endfacet
  facet normal 4.2716051e-01 5.2049659e-01 7.3933564e-01
    outer loop
      vertex -3.9284748e-01 -5.8793780e-01 2.9289322e-01
      vertex -3.5245002e-01 -5.2747874e-01 2.2698955e-01
      vertex -4.4858379e-01 -4.4858379e-01 2.2698955e-01
    endloop
  endfacet
  facet normal 3.1740890e-01 5.9383028e-01 7.3933564e-01
    outer loop
      vertex -3.9284748e-01 -5.8793780e-01 2.9289322e-01
      vertex -2.7059805e-01 -6.5328148e-01 2.9289322e-01
      vertex -3.5245002e-01 -5.2747874e-01 2.2698955e-01
    endloop
  endfacet
  facet normal 3.1740890e-01 5.9383028e-01 7.3933564e-01
    outer loop
      vertex -2.7059805e-01 -6.5328148e-01 2.9289322e-01
      vertex -2.4277180e-01 -5.8610297e-01 2.2698955e-01
      vertex -3.5245002e-01 -5.2747874e-01 2.2698955e-01
    endloop
  endfacet
  facet normal 1.9545943e-01 6.4434340e-01 7.3933564e-01
    outer loop
      vertex -2.7059805e-01 -6.5328148e-01 2.9289322e-01
      vertex -1.3794969e-01 -6.9351992e-01 2.9289322e-01
      vertex -2.4277180e-01 -5.8610297e-01 2.2698955e-01
    endloop
  endfacet
  facet normal 1.9545943e-01 6.4434340e-01 7.3933564e-01
    outer loop
      vertex -1.3794969e-01 -6.9351992e-01 2.9289322e-01
      vertex -1.2376399e-01 -6.2220360e-01 2.2698955e-01
      vertex -2.4277180e-01 -5.8610297e-01 2.2698955e-01
    endloop
  endfacet
  facet normal 6.5998574e-02 6.7009477e-01 7.3933564e-01
    outer loop
      vertex -1.3794969e-01 -6.9351992e-01 2.9289322e-01
      vertex -1.2989341e-16 -7.0710678e-01 2.9289322e-01
      vertex -1.2376399e-01 -6.2220360e-01 2.2698955e-01
    endloop
  endfacet
  facet normal 6.5998574e-02 6.7009477e-01 7.3933564e-01
    outer loop
      vertex -1.2989341e-16 -7.0710678e-01 2.9289322e-01
      vertex -1.1653616e-16 -6.3439328e-01 2.2698955e-01
      vertex -1.2376399e-01 -6.2220360e-01 2.2698955e-01
    endloop
  endfacet
  facet normal -6.5998574e-02 6.7009477e-01 7.3933564e-01
    outer loop
      vertex -1.2989341e-16 -7.0710678e-01 2.9289322e-01
      vertex 1.3794969e-01 -6.9351992e-01 2.9289322e-01
      vertex -1.1653616e-16 -6.3439328e-01 2.2698955e-01
    endloop
  endfacet
  facet normal -6.5998574e-02 6.7009477e-01 7.3933564e-01
    outer loop
      vertex 1.3794969e-01 -6.9351992e-01 2.9289322e-01
      vertex 1.2376399e-01 -6.2220360e-01 2.2698955e-01
      vertex -1.1653616e-16 -6.3439328e-01 2.2698955e-01
    endloop
  endfacet
  facet normal -1.9545943e-01 6.4434340e-01 7.3933564e-01
    outer loop
      vertex 1.3794969e-01 -6.9351992e-01 2.9289322e-01
      vertex 2.7059805e-01 -6.5328148e-01 2.9289322e-01
      vertex 1.2376399e-01 -6.2220360e-01 2.2698955e-01
    endloop
  endfacet
  facet normal -1.9545943e-01 6.4434340e-01 7.3933564e-01
    outer loop
      vertex 2.7059805e-01 -6.5328148e-01 2.9289322e-01
      vertex 2.4277180e-01 -5.8610297e-01 2.2698955e-01
      vertex 1.2376399e-01 -6.2220360e-01 2.2698955e-01
    endloop
  endfacet
  facet normal -3.1740890e-01 5.9383028e-01 7.3933564e-01
    outer loop
      vertex 2.7059805e-01 -6.5328148e-01 2.9289322e-01
      vertex 3.9284748e-01 -5.8793780e-01 2.9289322e-01
      vertex 2.4277180e-01 -5.8610297e-01 2.2698955e-01
    endloop
  endfacet
  facet normal -3.1740890e-01 5.9383028e-01 7.3933564e-01
    outer loop
      vertex 3.9284748e-01 -5.8793780e-01 2.9289322e-01
      vertex 3.5245002e-01 -5.2747874e-01 2.2698955e-01
      vertex 2.4277180e-01 -5.8610297e-01 2.2698955e-01
    endloop
  endfacet
  facet normal -4.2716051e-01 5.2049659e-01 7.3933564e-01
    outer loop
      vertex 3.9284748e-01 -5.8793780e-01 2.9289322e-01
      vertex 5.0000000e-01 -5.0000000e-01 2.9289322e-01
      vertex 3.5245002e-01 -5.2747874e-01 2.2698955e-01
    endloop
  endfacet
  facet normal -4.2716051e-01 5.2049659e-01 7.3933564e-01
    outer loop
      vertex 5.0000000e-01 -5.0000000e-01 2.9289322e-01
      vertex 4.4858379e-01 -4.4858379e-01 2.2698955e-01
      vertex 3.5245002e-01 -5.2747874e-01 2.2698955e-01
    endloop
  endfacet
  facet normal -5.2049659e-01 4.2716051e-01 7.3933564e-01
    outer loop
      vertex 5.0000000e-01 -5.0000000e-01 2.9289322e-01
      vertex 5.8793780e-01 -3.9284748e-01 2.9289322e-01
      vertex 4.4858379e-01 -4.4858379e-01 2.2698955e-01
    endloop
  endfacet
  facet normal -5.2049659e-01 4.2716051e-01 7.3933564e-01
    outer loop
      vertex 5.8793780e-01 -3.9284748e-01 2.9289322e-01
      vertex 5.2747874e-01 -3.5245002e-01 2.2698955e-01
      vertex 4.4858379e-01 -4.4858379e-01 2.2698955e-01
    endloop
  endfacet
  facet normal -5.9383028e-01 3.1740890e-01 7.3933564e-01
    outer loop
      vertex 5.8793780e-01 -3.9284748e-01 2.9289322e-01
      vertex 6.5328148e-01 -2.7059805e-01 2.9289322e-01
      vertex 5.2747874e-01 -3.5245002e-01 2.2698955e-01
    endloop
  endfacet
  facet normal -5.9383028e-01 3.1740890e-01 7.3933564e-01
    outer loop
      vertex 6.5328148e-01 -2.7059805e-01 2.9289322e-01
      vertex 5.8610297e-01 -2.4277180e-01 2.2698955e-01
      vertex 5.2747874e-01 -3.5245002e-01 2.2698955e-01
    endloop
  endfacet
  facet normal -6.4434340e-01 1.9545943e-01 7.3933564e-01
    outer loop
      vertex 6.5328148e-01 -2.7059805e-01 2.9289322e-01
      vertex 6.9351992e-01 -1.3794969e-01 2.9289322e-01
      vertex 5.8610297e-01 -2.4277180e-01 2.2698955e-01
    endloop
  endfacet
  facet normal -6.4434340e-01 1.9545943e-01 7.3933564e-01
    outer loop
      vertex 6.9351992e-01 -1.3794969e-01 2.9289322e-01
      vertex 6.2220360e-01 -1.2376399e-01 2.2698955e-01
      vertex 5.8610297e-01 -2.4277180e-01 2.2698955e-01
    endloop
  endfacet
  facet normal -6.7009477e-01 6.5998574e-02 7.3933564e-01
    outer loop
      vertex 6.9351992e-01 -1.3794969e-01 2.9289322e-01
      vertex 7.0710678e-01 0.0000000e+00 2.9289322e-01
      vertex 6.2220360e-01 -1.2376399e-01 2.2698955e-01
    endloop
  endfacet
  facet normal -6.7009477e-01 6.5998574e-02 7.3933564e-01
    outer loop
      vertex 7.0710678e-01 0.0000000e+00 2.9289322e-01
      vertex 6.3439328e-01 0.0000000e+00 2.2698955e-01
      vertex 6.2220360e-01 -1.2376399e-01 2.2698955e-01
    endloop
  endfacet
  facet normal -5.9467665e-01 -5.8570538e-02 8.0182864e-01
    outer loop
      vertex 6.3439328e-01 0.0000000e+00 2.2698955e-01
      vertex 6.2220360e-01 1.2376399e-01 2.2698955e-01
      vertex 5.5557023e-01 0.0000000e+00 1.6853039e-01
    endloop
  endfacet
  facet normal -5.9467665e-01 -5.8570538e-02 8.0182864e-01
    outer loop
      vertex 6.2220360e-01 1.2376399e-01 2.2698955e-01
      vertex 5.4489511e-01 1.0838638e-01 1.6853039e-01
      vertex 5.5557023e-01 0.0000000e+00 1.6853039e-01
    endloop
  endfacet
  facet normal -5.7182356e-01 -1.7346078e-01 8.0182864e-01
    outer loop
      vertex 6.2220360e-01 1.2376399e-01 2.2698955e-01
      vertex 5.8610297e-01 2.4277180e-01 2.2698955e-01
      vertex 5.4489511e-01 1.0838638e-01 1.6853039e-01
    endloop
  endfacet
  facet normal -5.7182356e-01 -1.7346078e-01 8.0182864e-01
    outer loop
      vertex 5.8610297e-01 2.4277180e-01 2.2698955e-01
      vertex 5.1327997e-01 2.1260752e-01 1.6853039e-01
      vertex 5.4489511e-01 1.0838638e-01 1.6853039e-01
    endloop
  endfacet
  facet normal -5.2699561e-01 -2.8168502e-01 8.0182864e-01
    outer loop
      vertex 5.8610297e-01 2.4277180e-01 2.2698955e-01
      vertex 5.2747874e-01 3.5245002e-01 2.2698955e-01
      vertex 5.1327997e-01 2.1260752e-01 1.6853039e-01
    endloop
  endfacet
  facet normal -5.2699561e-01 -2.8168502e-01 8.0182864e-01
    outer loop
      vertex 5.2747874e-01 3.5245002e-01 2.2698955e-01
      vertex 4.6193977e-01 3.0865828e-01 1.6853039e-01
      vertex 5.1327997e-01 2.1260752e-01 1.6853039e-01
    endloop
  endfacet
  facet normal -4.6191552e-01 -3.7908427e-01 8.0182864e-01
    outer loop
      vertex 5.2747874e-01 3.5245002e-01 2.2698955e-01
      vertex 4.4858379e-01 4.4858379e-01 2.2698955e-01
      vertex 4.6193977e-01 3.0865828e-01 1.6853039e-01
    endloop
  endfacet
  facet normal -4.6191552e-01 -3.7908427e-01 8.0182864e-01
    outer loop
      vertex 4.4858379e-01 4.4858379e-01 2.2698955e-01
      vertex 3.9284748e-01 3.9284748e-01 1.6853039e-01
      vertex 4.6193977e-01 3.0865828e-01 1.6853039e-01
    endloop
  endfacet
  facet normal -3.7908427e-01 -4.6191552e-01 8.0182864e-01
    outer loop
      vertex 4.4858379e-01 4.4858379e-01 2.2698955e-01
      vertex 3.5245002e-01 5.2747874e-01 2.2698955e-01
      vertex 3.9284748e-01 3.9284748e-01 1.6853039e-01
    endloop
  endfacet
  facet normal -3.7908427e-01 -4.6191552e-01 8.0182864e-01
    outer loop
      vertex 3.5245002e-01 5.2747874e-01 2.2698955e-01
      vertex 3.0865828e-01 4.6193977e-01 1.6853039e-01
      vertex 3.9284748e-01 3.9284748e-01 1.6853039e-01
    endloop
  endfacet
  facet normal -2.8168502e-01 -5.2699561e-01 8.0182864e-01
    outer loop
      vertex 3.5245002e-01 5.2747874e-01 2.2698955e-01
      vertex 2.4277180e-01 5.8610297e-01 2.2698955e-01
      vertex 3.0865828e-01 4.6193977e-01 1.6853039e-01
    endloop
  endfacet
  facet normal -2.8168502e-01 -5.2699561e-01 8.0182864e-01
    outer loop
      vertex 2.4277180e-01 5.8610297e-01 2.2698955e-01
      vertex 2.1260752e-01 5.1327997e-01 1.6853039e-01
      vertex 3.0865828e-01 4.6193977e-01 1.6853039e-01
    endloop
  endfacet
  facet normal -1.7346078e-01 -5.7182356e-01 8.0182864e-01
    outer loop
      vertex 2.4277180e-01 5.8610297e-01 2.2698955e-01
      vertex 1.2376399e-01 6.2220360e-01 2.2698955e-01
      vertex 2.1260752e-01 5.1327997e-01 1.6853039e-01
    endloop
  endfacet
  facet normal -1.7346078e-01 -5.7182356e-01 8.0182864e-01
    outer loop
      vertex 1.2376399e-01 6.2220360e-01 2.2698955e-01
      vertex 1.0838638e-01 5.4489511e-01 1.6853039e-01
      vertex 2.1260752e-01 5.1327997e-01 1.6853039e-01
    endloop
  endfacet
  facet normal -5.8570538e-02 -5.9467665e-01 8.0182864e-01
    outer loop
      vertex 1.2376399e-01 6.2220360e-01 2.2698955e-01
      vertex 3.8845385e-17 6.3439328e-01 2.2698955e-01
      vertex 1.0838638e-01 5.4489511e-01 1.6853039e-01
    endloop
  endfacet
  facet normal -5.8570538e-02 -5.9467665e-01 8.0182864e-01
    outer loop
      vertex 3.8845385e-17 6.3439328e-01 2.2698955e-01
      vertex 3.4018865e-17 5.5557023e-01 1.6853039e-01
      vertex 1.0838638e-01 5.4489511e-01 1.6853039e-01
    endloop
  endfacet
  facet normal 5.8570538e-02 -5.9467665e-01 8.0182864e-01
    outer loop
      vertex 3.8845385e-17 6.3439328e-01 2.2698955e-01
      vertex -1.2376399e-01 6.2220360e-01 2.2698955e-01
      vertex 3.4018865e-17 5.5557023e-01 1.6853039e-01
    endloop
  endfacet
  facet normal 5.8570538e-02 -5.9467665e-01 8.0182864e-01
    outer loop
      vertex -1.2376399e-01 6.2220360e-01 2.2698955e-01
      vertex -1.0838638e-01 5.4489511e-01 1.6853039e-01
      vertex 3.4018865e-17 5.5557023e-01 1.6853039e-01
    endloop
  endfacet
  facet normal 1.7346078e-01 -5.7182356e-01 8.0182864e-01
    outer loop
      vertex -1.2376399e-01 6.2220360e-01 2.2698955e-01
      vertex -2.4277180e-01 5.8610297e-01 2.2698955e-01
      vertex -1.0838638e-01 5.4489511e-01 1.6853039e-01
    endloop
  endfacet
  facet normal 1.7346078e-01 -5.7182356e-01 8.0182864e-01
    outer loop
      vertex -2.4277180e-01 5.8610297e-01 2.2698955e-01
      vertex -2.1260752e-01 5.1327997e-01 1.6853039e-01
      vertex -1.0838638e-01 5.4489511e-01 1.6853039e-01
    endloop
  endfacet
  facet normal 2.8168502e-01 -5.2699561e-01 8.0182864e-01
    outer loop
      vertex -2.4277180e-01 5.8610297e-01 2.2698955e-01
      vertex -3.5245002e-01 5.2747874e-01 2.2698955e-01
      vertex -2.1260752e-01 5.1327997e-01 1.6853039e-01
    endloop
  endfacet
  facet normal 2.8168502e-01 -5.2699561e-01 8.0182864e-01
    outer loop
      vertex -3.5245002e-01 5.2747874e-01 2.2698955e-01
      vertex -3.0865828e-01 4.6193977e-01 1.6853039e-01
      vertex -2.1260752e-01 5.1327997e-01 1.6853039e-01
    endloop
  endfacet
  facet normal 3.7908427e-01 -4.6191552e-01 8.0182864e-01
    outer loop
      vertex -3.5245002e-01 5.2747874e-01 2.2698955e-01
      vertex -4.4858379e-01 4.4858379e-01 2.2698955e-01
      vertex -3.0865828e-01 4.6193977e-01 1.6853039e-01
    endloop
  endfacet
  facet normal 3.7908427e-01 -4.6191552e-01 8.0182864e-01
    outer loop
      vertex -4.4858379e-01 4.4858379e-01 2.2698955e-01
      vertex -3.9284748e-01 3.9284748e-01 1.6853039e-01
      vertex -3.0865828e-01 4.6193977e-01 1.6853039e-01
    endloop
  endfacet
  facet normal 4.6191552e-01 -3.7908427e-01 8.0182864e-01
    outer loop
      vertex -4.4858379e-01 4.4858379e-01 2.2698955e-01
      vertex -5.2747874e-01 3.5245002e-01 2.2698955e-01
      vertex -3.9284748e-01 3.9284748e-01 1.6853039e-01
    endloop
  endfacet
  facet normal 4.6191552e-01 -3.7908427e-01 8.0182864e-01
    outer loop
      vertex -5.2747874e-01 3.5245002e-01 2.2698955e-01
      vertex -4.6193977e-01 3.0865828e-01 1.6853039e-01
      vertex -3.9284748e-01 3.9284748e-01 1.6853039e-01
    endloop
  endfacet
  facet normal 5.2699561e-01 -2.8168502e-01 8.0182864e-01
    outer loop
      vertex -5.2747874e-01 3.5245002e-01 2.2698955e-01
      vertex -5.8610297e-01 2.4277180e-01 2.2698955e-01
      vertex -4.6193977e-01 3.0865828e-01 1.6853039e-01
    endloop
  endfacet
  facet normal 5.2699561e-01 -2.8168502e-01 8.0182864e-01
    outer loop
      vertex -5.8610297e-01 2.4277180e-01 2.2698955e-01
      vertex -5.1327997e-01 2.1260752e-01 1.6853039e-01
      vertex -4.6193977e-01 3.0865828e-01 1.6853039e-01
    endloop
  endfacet
  facet normal 5.7182356e-01 -1.7346078e-01 8.0182864e-01
    outer loop
      vertex -5.8610297e-01 2.4277180e-01 2.2698955e-01
      vertex -6.2220360e-01 1.2376399e-01 2.2698955e-01
      vertex -5.1327997e-01 2.1260752e-01 1.6853039e-01
    endloop
  endfacet
  facet normal 5.7182356e-01 -1.7346078e-01 8.0182864e-01
    outer loop
      vertex -6.2220360e-01 1.2376399e-01 2.2698955e-01
      vertex -5.4489511e-01 1.0838638e-01 1.6853039e-01
      vertex -5.1327997e-01 2.1260752e-01 1.6853039e-01
    endloop
  endfacet
  facet normal 5.9467665e-01 -5.8570538e-02 8.0182864e-01
    outer loop
      vertex -6.2220360e-01 1.2376399e-01 2.2698955e-01
      vertex -6.3439328e-01 7.7690770e-17 2.2698955e-01
      vertex -5.4489511e-01 1.0838638e-01 1.6853039e-01
    endloop
  endfacet
  facet normal 5.9467665e-01 -5.8570538e-02 8.0182864e-01
    outer loop
      vertex -6.3439328e-01 7.7690770e-17 2.2698955e-01
      vertex -5.5557023e-01 6.8037731e-17 1.6853039e-01
      vertex -5.4489511e-01 1.0838638e-01 1.6853039e-01
    endloop
  endfacet
  facet normal 5.9467665e-01 5.8570538e-02 8.0182864e-01
    outer loop
      vertex -6.3439328e-01 7.7690770e-17 2.2698955e-01
      vertex -6.2220360e-01 -1.2376399e-01 2.2698955e-01
      vertex -5.5557023e-01 6.8037731e-17 1.6853039e-01
    endloop
  endfacet
  facet normal 5.9467665e-01 5.8570538e-02 8.0182864e-01
    outer loop
      vertex -6.2220360e-01 -1.2376399e-01 2.2698955e-01
      vertex -5.4489511e-01 -1.0838638e-01 1.6853039e-01
      vertex -5.5557023e-01 6.8037731e-17 1.6853039e-01
    endloop
  endfacet
  facet normal 5.7182356e-01 1.7346078e-01 8.0182864e-01
    outer loop
      vertex -6.2220360e-01 -1.2376399e-01 2.2698955e-01
      vertex -5.8610297e-01 -2.4277180e-01 2.2698955e-01
      vertex -5.4489511e-01 -1.0838638e-01 1.6853039e-01
    endloop
  endfacet
  facet normal 5.7182356e-01 1.7346078e-01 8.0182864e-01
    outer loop
      vertex -5.8610297e-01 -2.4277180e-01 2.2698955e-01
      vertex -5.1327997e-01 -2.1260752e-01 1.6853039e-01
      vertex -5.4489511e-01 -1.0838638e-01 1.6853039e-01
    endloop
  endfacet
  facet normal 5.2699561e-01 2.8168502e-01 8.0182864e-01
    outer loop
      vertex -5.8610297e-01 -2.4277180e-01 2.2698955e-01
      vertex -5.2747874e-01 -3.5245002e-01 2.2698955e-01
      vertex -5.1327997e-01 -2.1260752e-01 1.6853039e-01
    endloop
  endfacet
  facet normal 5.2699561e-01 2.8168502e-01 8.0182864e-01
    outer loop
      vertex -5.2747874e-01 -3.5245002e-01 2.2698955e-01
      vertex -4.6193977e-01 -3.0865828e-01 1.6853039e-01
      vertex -5.1327997e-01 -2.1260752e-01 1.6853039e-01
    endloop
  endfacet
  facet normal 4.6191552e-01 3.7908427e-01 8.0182864e-01
    outer loop
      vertex -5.2747874e-01 -3.5245002e-01 2.2698955e-01
      vertex -4.4858379e-01 -4.4858379e-01 2.2698955e-01
      vertex -4.6193977e-01 -3.0865828e-01 1.6853039e-01
    endloop
  endfacet
  facet normal 4.6191552e-01 3.7908427e-01 8.0182864e-01
    outer loop
      vertex -4.4858379e-01 -4.4858379e-01 2.2698955e-01
      vertex -3.9284748e-01 -3.9284748e-01 1.6853039e-01
      vertex -4.6193977e-01 -3.0865828e-01 1.6853039e-01
    endloop
  endfacet
  facet normal 3.7908427e-01 4.6191552e-01 8.0182864e-01
    outer loop
      vertex -4.4858379e-01 -4.4858379e-01 2.2698955e-01
      vertex -3.5245002e-01 -5.2747874e-01 2.2698955e-01
      vertex -3.9284748e-01 -3.9284748e-01 1.6853039e-01
    endloop
  endfacet
  facet normal 3.7908427e-01 4.6191552e-01 8.0182864e-01
    outer loop
      vertex -3.5245002e-01 -5.2747874e-01 2.2698955e-01
      vertex -3.0865828e-01 -4.6193977e-01 1.6853039e-01
      vertex -3.9284748e-01 -3.9284748e-01 1.6853039e-01
    endloop
  endfacet
  facet normal 2.8168502e-01 5.2699561e-01 8.0182864e-01
    outer loop
      vertex -3.5245002e-01 -5.2747874e-01 2.2698955e-01
      vertex -2.4277180e-01 -5.8610297e-01 2.2698955e-01
      vertex -3.0865828e-01 -4.6193977e-01 1.6853039e-01
    endloop
  endfacet
  facet normal 2.8168502e-01 5.2699561e-01 8.0182864e-01
    outer loop
      vertex -2.4277180e-01 -5.8610297e-01 2.2698955e-01
      vertex -2.1260752e-01 -5.1327997e-01 1.6853039e-01
      vertex -3.0865828e-01 -4.6193977e-01 1.6853039e-01
    endloop
  endfacet
  facet normal 1.7346078e-01 5.7182356e-01 8.0182864e-01
    outer loop
      vertex -2.4277180e-01 -5.8610297e-01 2.2698955e-01
      vertex -1.2376399e-01 -6.2220360e-01 2.2698955e-01
      vertex -2.1260752e-01 -5.1327997e-01 1.6853039e-01
    endloop
  endfacet
  facet normal 1.7346078e-01 5.7182356e-01 8.0182864e-01
    outer loop
      vertex -1.2376399e-01 -6.2220360e-01 2.2698955e-01
      vertex -1.0838638e-01 -5.4489511e-01 1.6853039e-01
      vertex -2.1260752e-01 -5.1327997e-01 1.6853039e-01
    endloop
  endfacet
  facet normal 5.8570538e-02 5.9467665e-01 8.0182864e-01
    outer loop
      vertex -1.2376399e-01 -6.2220360e-01 2.2698955e-01
      vertex -1.1653616e-16 -6.3439328e-01 2.2698955e-01
      vertex -1.0838638e-01 -5.4489511e-01 1.6853039e-01
    endloop
  endfacet
  facet normal 5.8570538e-02 5.9467665e-01 8.0182864e-01
    outer loop
      vertex -1.1653616e-16 -6.3439328e-01 2.2698955e-01
      vertex -1.0205660e-16 -5.5557023e-01 1.6853039e-01
      vertex -1.0838638e-01 -5.4489511e-01 1.6853039e-01
    endloop
  endfacet
  facet normal -5.8570538e-02 5.9467665e-01 8.0182864e-01
    outer loop
      vertex -1.1653616e-16 -6.3439328e-01 2.2698955e-01
      vertex 1.2376399e-01 -6.2220360e-01 2.2698955e-01
      vertex -1.0205660e-16 -5.5557023e-01 1.6853039e-01
    endloop
  endfacet
  facet normal -5.8570538e-02 5.9467665e-01 8.0182864e-01
    outer loop
      vertex 1.2376399e-01 -6.2220360e-01 2.2698955e-01
      vertex 1.0838638e-01 -5.4489511e-01 1.6853039e-01
      vertex -1.0205660e-16 -5.5557023e-01 1.6853039e-01
    endloop
  endfacet
  facet normal -1.7346078e-01 5.7182356e-01 8.0182864e-01
    outer loop
      vertex 1.2376399e-01 -6.2220360e-01 2.2698955e-01
      vertex 2.4277180e-01 -5.8610297e-01 2.2698955e-01
      vertex 1.0838638e-01 -5.4489511e-01 1.6853039e-01
    endloop
  endfacet
  facet normal -1.7346078e-01 5.7182356e-01 8.0182864e-01
    outer loop
      vertex 2.4277180e-01 -5.8610297e-01 2.2698955e-01
      vertex 2.1260752e-01 -5.1327997e-01 1.6853039e-01
      vertex 1.0838638e-01 -5.4489511e-01 1.6853039e-01
    endloop
  endfacet
  facet normal -2.8168502e-01 5.2699561e-01 8.0182864e-01
    outer loop
      vertex 2.4277180e-01 -5.8610297e-01 2.2698955e-01
      vertex 3.5245002e-01 -5.2747874e-01 2.2698955e-01
      vertex 2.1260752e-01 -5.1327997e-01 1.6853039e-01
    endloop
  endfacet
  facet normal -2.8168502e-01 5.2699561e-01 8.0182864e-01
    outer loop
      vertex 3.5245002e-01 -5.2747874e-01 2.2698955e-01
      vertex 3.0865828e-01 -4.6193977e-01 1.6853039e-01
      vertex 2.1260752e-01 -5.1327997e-01 1.6853039e-01
    endloop
  endfacet
  facet normal -3.7908427e-01 4.6191552e-01 8.0182864e-01
    outer loop
      vertex 3.5245002e-01 -5.2747874e-01 2.2698955e-01
      vertex 4.4858379e-01 -4.4858379e-01 2.2698955e-01
      vertex 3.0865828e-01 -4.6193977e-01 1.6853039e-01
    endloop
  endfacet
  facet normal -3.7908427e-01 4.6191552e-01 8.0182864e-01
    outer loop
      vertex 4.4858379e-01 -4.4858379e-01 2.2698955e-01
      vertex 3.9284748e-01 -3.9284748e-01 1.6853039e-01
      vertex 3.0865828e-01 -4.6193977e-01 1.6853039e-01
    endloop
  endfacet
  facet normal -4.6191552e-01 3.7908427e-01 8.0182864e-01
    outer loop
      vertex 4.4858379e-01 -4.4858379e-01 2.2698955e-01
      vertex 5.2747874e-01 -3.5245002e-01 2.2698955e-01
      vertex 3.9284748e-01 -3.9284748e-01 1.6853039e-01
    endloop
  endfacet
  facet normal -4.6191552e-01 3.7908427e-01 8.0182864e-01
    outer loop
      vertex 5.2747874e-01 -3.5245002e-01 2.2698955e-01
      vertex 4.6193977e-01 -3.0865828e-01 1.6853039e-01
      vertex 3.9284748e-01 -3.9284748e-01 1.6853039e-01
    endloop
  endfacet
  facet normal -5.2699561e-01 2.8168502e-01 8.0182864e-01
    outer loop
      vertex 5.2747874e-01 -3.5245002e-01 2.2698955e-01
      vertex 5.8610297e-01 -2.4277180e-01 2.2698955e-01
      vertex 4.6193977e-01 -3.0865828e-01 1.6853039e-01
    endloop
  endfacet
  facet normal -5.2699561e-01 2.8168502e-01 8.0182864e-01
    outer loop
      vertex 5.8610297e-01 -2.4277180e-01 2.2698955e-01
      vertex 5.1327997e-01 -2.1260752e-01 1.6853039e-01
      vertex 4.6193977e-01 -3.0865828e-01 1.6853039e-01
    endloop
  endfacet
  facet normal -5.7182356e-01 1.7346078e-01 8.0182864e-01
    outer loop
      vertex 5.8610297e-01 -2.4277180e-01 2.2698955e-01
      vertex 6.2220360e-01 -1.2376399e-01 2.2698955e-01
      vertex 5.1327997e-01 -2.1260752e-01 1.6853039e-01
    endloop
  endfacet
  facet normal -5.7182356e-01 1.7346078e-01 8.0182864e-01
    outer loop
      vertex 6.2220360e-01 -1.2376399e-01 2.2698955e-01
      vertex 5.4489511e-01 -1.0838638e-01 1.6853039e-01
      vertex 5.1327997e-01 -2.1260752e-01 1.6853039e-01
    endloop
  endfacet
  facet normal -5.9467665e-01 5.8570538e-02 8.0182864e-01
    outer loop
      vertex 6.2220360e-01 -1.2376399e-01 2.2698955e-01
      vertex 6.3439328e-01 0.0000000e+00 2.2698955e-01
      vertex 5.4489511e-01 -1.0838638e-01 1.6853039e-01
    endloop
  endfacet
  facet normal -5.9467665e-01 5.8570538e-02 8.0182864e-01
    outer loop
      vertex 6.3439328e-01 0.0000000e+00 2.2698955e-01
      vertex 5.5557023e-01 0.0000000e+00 1.6853039e-01
      vertex 5.4489511e-01 -1.0838638e-01 1.6853039e-01
    endloop
  endfacet
  facet normal -5.1344496e-01 -5.0569915e-02 8.5663117e-01
    outer loop
      vertex 5.5557023e-01 0.0000000e+00 1.6853039e-01
      vertex 5.4489511e-01 1.0838638e-01 1.6853039e-01
      vertex 4.7139674e-01 0.0000000e+00 1.1807874e-01
    endloop
  endfacet
  facet normal -5.1344496e-01 -5.0569915e-02 8.5663117e-01
    outer loop
      vertex 5.4489511e-01 1.0838638e-01 1.6853039e-01
      vertex 4.6233898e-01 9.1964941e-02 1.1807874e-01
      vertex 4.7139674e-01 0.0000000e+00 1.1807874e-01
    endloop
  endfacet
  facet normal -4.9371356e-01 -1.4976637e-01 8.5663117e-01
    outer loop
      vertex 5.4489511e-01 1.0838638e-01 1.6853039e-01
      vertex 5.1327997e-01 2.1260752e-01 1.6853039e-01
      vertex 4.6233898e-01 9.1964941e-02 1.1807874e-01
    endloop
  endfacet
  facet normal -4.9371356e-01 -1.4976637e-01 8.5663117e-01
    outer loop
      vertex 5.1327997e-01 2.1260752e-01 1.6853039e-01
      vertex 4.3551380e-01 1.8039572e-01 1.1807874e-01
      vertex 4.6233898e-01 9.1964941e-02 1.1807874e-01
    endloop
  endfacet
  facet normal -4.5500902e-01 -2.4320739e-01 8.5663117e-01
    outer loop
      vertex 5.1327997e-01 2.1260752e-01 1.6853039e-01
      vertex 4.6193977e-01 3.0865828e-01 1.6853039e-01
      vertex 4.3551380e-01 1.8039572e-01 1.1807874e-01
    endloop
  endfacet
  facet normal -4.5500902e-01 -2.4320739e-01 8.5663117e-01
    outer loop
      vertex 4.6193977e-01 3.0865828e-01 1.6853039e-01
      vertex 3.9195206e-01 2.6189399e-01 1.1807874e-01
      vertex 4.3551380e-01 1.8039572e-01 1.1807874e-01
    endloop
  endfacet
  facet normal -3.9881874e-01 -3.2730208e-01 8.5663117e-01
    outer loop
      vertex 4.6193977e-01 3.0865828e-01 1.6853039e-01
      vertex 3.9284748e-01 3.9284748e-01 1.6853039e-01
      vertex 3.9195206e-01 2.6189399e-01 1.1807874e-01
    endloop
  endfacet
  facet normal -3.9881874e-01 -3.2730208e-01 8.5663117e-01
    outer loop
      vertex 3.9284748e-01 3.9284748e-01 1.6853039e-01
      vertex 3.3332783e-01 3.3332783e-01 1.1807874e-01
      vertex 3.9195206e-01 2.6189399e-01 1.1807874e-01
    endloop
  endfacet
  facet normal -3.2730208e-01 -3.9881874e-01 8.5663117e-01
    outer loop
      vertex 3.9284748e-01 3.9284748e-01 1.6853039e-01
      vertex 3.0865828e-01 4.6193977e-01 1.6853039e-01
      vertex 3.3332783e-01 3.3332783e-01 1.1807874e-01
    endloop
  endfacet
  facet normal -3.2730208e-01 -3.9881874e-01 8.5663117e-01
    outer loop
      vertex 3.0865828e-01 4.6193977e-01 1.6853039e-01
      vertex 2.6189399e-01 3.9195206e-01 1.1807874e-01
      vertex 3.3332783e-01 3.3332783e-01 1.1807874e-01
    endloop
  endfacet
  facet normal -2.4320739e-01 -4.5500902e-01 8.5663117e-01
    outer loop
      vertex 3.0865828e-01 4.6193977e-01 1.6853039e-01
      vertex 2.1260752e-01 5.1327997e-01 1.6853039e-01
      vertex 2.6189399e-01 3.9195206e-01 1.1807874e-01
    endloop
  endfacet
  facet normal -2.4320739e-01 -4.5500902e-01 8.5663117e-01
    outer loop
      vertex 2.1260752e-01 5.1327997e-01 1.6853039e-01
      vertex 1.8039572e-01 4.3551380e-01 1.1807874e-01
      vertex 2.6189399e-01 3.9195206e-01 1.1807874e-01
    endloop
  endfacet
  facet normal -1.4976637e-01 -4.9371356e-01 8.5663117e-01
    outer loop
      vertex 2.1260752e-01 5.1327997e-01 1.6853039e-01
      vertex 1.0838638e-01 5.4489511e-01 1.6853039e-01
      vertex 1.8039572e-01 4.3551380e-01 1.1807874e-01
    endloop
  endfacet
  facet normal -1.4976637e-01 -4.9371356e-01 8.5663117e-01
    outer loop
      vertex 1.0838638e-01 5.4489511e-01 1.6853039e-01
      vertex 9.1964941e-02 4.6233898e-01 1.1807874e-01
      vertex 1.8039572e-01 4.3551380e-01 1.1807874e-01
    endloop
  endfacet
  facet normal -5.0569915e-02 -5.1344496e-01 8.5663117e-01
    outer loop
      vertex 1.0838638e-01 5.4489511e-01 1.6853039e-01
      vertex 3.4018865e-17 5.5557023e-01 1.6853039e-01
      vertex 9.1964941e-02 4.6233898e-01 1.1807874e-01
    endloop
  endfacet
  facet normal -5.0569915e-02 -5.1344496e-01 8.5663117e-01
    outer loop
      vertex 3.4018865e-17 5.5557023e-01 1.6853039e-01
      vertex 2.8864725e-17 4.7139674e-01 1.1807874e-01
      vertex 9.1964941e-02 4.6233898e-01 1.1807874e-01
    endloop
  endfacet
  facet normal 5.0569915e-02 -5.1344496e-01 8.5663117e-01
    outer loop
      vertex 3.4018865e-17 5.5557023e-01 1.6853039e-01
      vertex -1.0838638e-01 5.4489511e-01 1.6853039e-01
      vertex 2.8864725e-17 4.7139674e-01 1.1807874e-01
    endloop
  endfacet
  facet normal 5.0569915e-02 -5.1344496e-01 8.5663117e-01
    outer loop
      vertex -1.0838638e-01 5.4489511e-01 1.6853039e-01
      vertex -9.1964941e-02 4.6233898e-01 1.1807874e-01
      vertex 2.8864725e-17 4.7139674e-01 1.1807874e-01
    endloop
  endfacet
  facet normal 1.4976637e-01 -4.9371356e-01 8.5663117e-01
    outer loop
      vertex -1.0838638e-01 5.4489511e-01 1.6853039e-01
      vertex -2.1260752e-01 5.1327997e-01 1.6853039e-01
      vertex -9.1964941e-02 4.6233898e-01 1.1807874e-01
    endloop
  endfacet
  facet normal 1.4976637e-01 -4.9371356e-01 8.5663117e-01
    outer loop
      vertex -2.1260752e-01 5.1327997e-01 1.6853039e-01
      vertex -1.8039572e-01 4.3551380e-01 1.1807874e-01
      vertex -9.1964941e-02 4.6233898e-01 1.1807874e-01
    endloop
  endfacet
  facet normal 2.4320739e-01 -4.5500902e-01 8.5663117e-01
    outer loop
      vertex -2.1260752e-01 5.1327997e-01 1.6853039e-01
      vertex -3.0865828e-01 4.6193977e-01 1.6853039e-01
      vertex -1.8039572e-01 4.3551380e-01 1.1807874e-01
    endloop
  endfacet
  facet normal 2.4320739e-01 -4.5500902e-01 8.5663117e-01
    outer loop
      vertex -3.0865828e-01 4.6193977e-01 1.6853039e-01
      vertex -2.6189399e-01 3.9195206e-01 1.1807874e-01
      vertex -1.8039572e-01 4.3551380e-01 1.1807874e-01
    endloop
  endfacet
  facet normal 3.2730208e-01 -3.9881874e-01 8.5663117e-01
    outer loop
      vertex -3.0865828e-01 4.6193977e-01 1.6853039e-01
      vertex -3.9284748e-01 3.9284748e-01 1.6853039e-01
      vertex -2.6189399e-01 3.9195206e-01 1.1807874e-01
    endloop
  endfacet
  facet normal 3.2730208e-01 -3.9881874e-01 8.5663117e-01
    outer loop
      vertex -3.9284748e-01 3.9284748e-01 1.6853039e-01
      vertex -3.3332783e-01 3.3332783e-01 1.1807874e-01
      vertex -2.6189399e-01 3.9195206e-01 1.1807874e-01
    endloop
  endfacet
  facet normal 3.9881874e-01 -3.2730208e-01 8.5663117e-01
    outer loop
      vertex -3.9284748e-01 3.9284748e-01 1.6853039e-01
      vertex -4.6193977e-01 3.0865828e-01 1.6853039e-01
      vertex -3.3332783e-01 3.3332783e-01 1.1807874e-01
    endloop
  endfacet
  facet normal 3.9881874e-01 -3.2730208e-01 8.5663117e-01
    outer loop
      vertex -4.6193977e-01 3.0865828e-01 1.6853039e-01
      vertex -3.9195206e-01 2.6189399e-01 1.1807874e-01
      vertex -3.3332783e-01 3.3332783e-01 1.1807874e-01
    endloop
  endfacet
  facet normal 4.5500902e-01 -2.4320739e-01 8.5663117e-01
    outer loop
      vertex -4.6193977e-01 3.0865828e-01 1.6853039e-01
      vertex -5.1327997e-01 2.1260752e-01 1.6853039e-01
      vertex -3.9195206e-01 2.6189399e-01 1.1807874e-01
    endloop
  endfacet
  facet normal 4.5500902e-01 -2.4320739e-01 8.5663117e-01
    outer loop
      vertex -5.1327997e-01 2.1260752e-01 1.6853039e-01
      vertex -4.3551380e-01 1.8039572e-01 1.1807874e-01
      vertex -3.9195206e-01 2.6189399e-01 1.1807874e-01
    endloop
  endfacet
  facet normal 4.9371356e-01 -1.4976637e-01 8.5663117e-01
    outer loop
      vertex -5.1327997e-01 2.1260752e-01 1.6853039e-01
      vertex -5.4489511e-01 1.0838638e-01 1.6853039e-01
      vertex -4.3551380e-01 1.8039572e-01 1.1807874e-01
    endloop
  endfacet
  facet normal 4.9371356e-01 -1.4976637e-01 8.5663117e-01
    outer loop
      vertex -5.4489511e-01 1.0838638e-01 1.6853039e-01
      vertex -4.6233898e-01 9.1964941e-02 1.1807874e-01
      vertex -4.3551380e-01 1.8039572e-01 1.1807874e-01
    endloop
  endfacet
  facet normal 5.1344496e-01 -5.0569915e-02 8.5663117e-01
    outer loop
      vertex -5.4489511e-01 1.0838638e-01 1.6853039e-01
      vertex -5.5557023e-01 6.8037731e-17 1.6853039e-01
      vertex -4.6233898e-01 9.1964941e-02 1.1807874e-01
    endloop
  endfacet
  facet normal 5.1344496e-01 -5.0569915e-02 8.5663117e-01
    outer loop
      vertex -5.5557023e-01 6.8037731e-17 1.6853039e-01
      vertex -4.7139674e-01 5.7729450e-17 1.1807874e-01
      vertex -4.6233898e-01 9.1964941e-02 1.1807874e-01
    endloop
  endfacet
  facet normal 5.1344496e-01 5.0569915e-02 8.5663117e-01
    outer loop
      vertex -5.5557023e-01 6.8037731e-17 1.6853039e-01
      vertex -5.4489511e-01 -1.0838638e-01 1.6853039e-01
      vertex -4.7139674e-01 5.7729450e-17 1.1807874e-01
    endloop
  endfacet
  facet normal 5.1344496e-01 5.0569915e-02 8.5663117e-01
    outer loop
      vertex -5.4489511e-01 -1.0838638e-01 1.6853039e-01
      vertex -4.6233898e-01 -9.1964941e-02 1.1807874e-01
      vertex -4.7139674e-01 5.7729450e-17 1.1807874e-01
    endloop
  endfacet
  facet normal 4.9371356e-01 1.4976637e-01 8.5663117e-01
    outer loop
      vertex -5.4489511e-01 -1.0838638e-01 1.6853039e-01
      vertex -5.1327997e-01 -2.1260752e-01 1.6853039e-01
      vertex -4.6233898e-01 -9.1964941e-02 1.1807874e-01
    endloop
  endfacet
  facet normal 4.9371356e-01 1.4976637e-01 8.5663117e-01
    outer loop
      vertex -5.1327997e-01 -2.1260752e-01 1.6853039e-01
      vertex -4.3551380e-01 -1.8039572e-01 1.1807874e-01
      vertex -4.6233898e-01 -9.1964941e-02 1.1807874e-01
    endloop
  endfacet
  facet normal 4.5500902e-01 2.4320739e-01 8.5663117e-01
    outer loop
      vertex -5.1327997e-01 -2.1260752e-01 1.6853039e-01
      vertex -4.6193977e-01 -3.0865828e-01 1.6853039e-01
      vertex -4.3551380e-01 -1.8039572e-01 1.1807874e-01
    endloop
  endfacet
  facet normal 4.5500902e-01 2.4320739e-01 8.5663117e-01
    outer loop
      vertex -4.6193977e-01 -3.0865828e-01 1.6853039e-01
      vertex -3.9195206e-01 -2.6189399e-01 1.1807874e-01
      vertex -4.3551380e-01 -1.8039572e-01 1.1807874e-01
    endloop
  endfacet
  facet normal 3.9881874e-01 3.2730208e-01 8.5663117e-01
    outer loop
      vertex -4.6193977e-01 -3.0865828e-01 1.6853039e-01
      vertex -3.9284748e-01 -3.9284748e-01 1.6853039e-01
      vertex -3.9195206e-01 -2.6189399e-01 1.1807874e-01
    endloop
  endfacet
  facet normal 3.9881874e-01 3.2730208e-01 8.5663117e-01
    outer loop
      vertex -3.9284748e-01 -3.9284748e-01 1.6853039e-01
      vertex -3.3332783e-01 -3.3332783e-01 1.1807874e-01
      vertex -3.9195206e-01 -2.6189399e-01 1.1807874e-01
    endloop
  endfacet
  facet normal 3.2730208e-01 3.9881874e-01 8.5663117e-01
    outer loop
      vertex -3.9284748e-01 -3.9284748e-01 1.6853039e-01
      vertex -3.0865828e-01 -4.6193977e-01 1.6853039e-01
      vertex -3.3332783e-01 -3.3332783e-01 1.1807874e-01
    endloop
  endfacet
  facet normal 3.2730208e-01 3.9881874e-01 8.5663117e-01
    outer loop
      vertex -3.0865828e-01 -4.6193977e-01 1.6853039e-01
      vertex -2.6189399e-01 -3.9195206e-01 1.1807874e-01
      vertex -3.3332783e-01 -3.3332783e-01 1.1807874e-01
    endloop
  endfacet
  facet normal 2.4320739e-01 4.5500902e-01 8.5663117e-01
    outer loop
      vertex -3.0865828e-01 -4.6193977e-01 1.6853039e-01
      vertex -2.1260752e-01 -5.1327997e-01 1.6853039e-01
      vertex -2.6189399e-01 -3.9195206e-01 1.1807874e-01
    endloop
  endfacet
  facet normal 2.4320739e-01 4.5500902e-01 8.5663117e-01
    outer loop
      vertex -2.1260752e-01 -5.1327997e-01 1.6853039e-01
      vertex -1.8039572e-01 -4.3551380e-01 1.1807874e-01
      vertex -2.6189399e-01 -3.9195206e-01 1.1807874e-01
    endloop
  endfacet
  facet normal 1.4976637e-01 4.9371356e-01 8.5663117e-01
    outer loop
      vertex -2.1260752e-01 -5.1327997e-01 1.6853039e-01
      vertex -1.0838638e-01 -5.4489511e-01 1.6853039e-01
      vertex -1.8039572e-01 -4.3551380e-01 1.1807874e-01
    endloop
  endfacet
  facet normal 1.4976637e-01 4.9371356e-01 8.5663117e-01
    outer loop
      vertex -1.0838638e-01 -5.4489511e-01 1.6853039e-01
      vertex -9.1964941e-02 -4.6233898e-01 1.1807874e-01
      vertex -1.8039572e-01 -4.3551380e-01 1.1807874e-01
    endloop
  endfacet
  facet normal 5.0569915e-02 5.1344496e-01 8.5663117e-01
    outer loop
      vertex -1.0838638e-01 -5.4489511e-01 1.6853039e-01
      vertex -1.0205660e-16 -5.5557023e-01 1.6853039e-01
      vertex -9.1964941e-02 -4.6233898e-01 1.1807874e-01
    endloop
  endfacet
  facet normal 5.0569915e-02 5.1344496e-01 8.5663117e-01
    outer loop
      vertex -1.0205660e-16 -5.5557023e-01 1.6853039e-01
      vertex -8.6594176e-17 -4.7139674e-01 1.1807874e-01
      vertex -9.1964941e-02 -4.6233898e-01 1.1807874e-01
    endloop
  endfacet
  facet normal -5.0569915e-02 5.1344496e-01 8.5663117e-01
    outer loop
      vertex -1.0205660e-16 -5.5557023e-01 1.6853039e-01
      vertex 1.0838638e-01 -5.4489511e-01 1.6853039e-01
      vertex -8.6594176e-17 -4.7139674e-01 1.1807874e-01
    endloop
  endfacet
  facet normal -5.0569915e-02 5.1344496e-01 8.5663117e-01
    outer loop
      vertex 1.0838638e-01 -5.4489511e-01 1.6853039e-01
      vertex 9.1964941e-02 -4.6233898e-01 1.1807874e-01
      vertex -8.6594176e-17 -4.7139674e-01 1.1807874e-01
    endloop
  endfacet
  facet normal -1.4976637e-01 4.9371356e-01 8.5663117e-01
    outer loop
      vertex 1.0838638e-01 -5.4489511e-01 1.6853039e-01
      vertex 2.1260752e-01 -5.1327997e-01 1.6853039e-01
      vertex 9.1964941e-02 -4.6233898e-01 1.1807874e-01
    endloop
  endfacet
  facet normal -1.4976637e-01 4.9371356e-01 8.5663117e-01
    outer loop
      vertex 2.1260752e-01 -5.1327997e-01 1.6853039e-01
      vertex 1.8039572e-01 -4.3551380e-01 1.1807874e-01
      vertex 9.1964941e-02 -4.6233898e-01 1.1807874e-01
    endloop
  endfacet
  facet normal -2.4320739e-01 4.5500902e-01 8.5663117e-01
    outer loop
      vertex 2.1260752e-01 -5.1327997e-01 1.6853039e-01
      vertex 3.0865828e-01 -4.6193977e-01 1.6853039e-01
      vertex 1.8039572e-01 -4.3551380e-01 1.1807874e-01
    endloop
  endfacet
  facet normal -2.4320739e-01 4.5500902e-01 8.5663117e-01
    outer loop
      vertex 3.0865828e-01 -4.6193977e-01 1.6853039e-01
      vertex 2.6189399e-01 -3.9195206e-01 1.1807874e-01
      vertex 1.8039572e-01 -4.3551380e-01 1.1807874e-01
    endloop
  endfacet
  facet normal -3.2730208e-01 3.9881874e-01 8.5663117e-01
    outer loop
      vertex 3.0865828e-01 -4.6193977e-01 1.6853039e-01
      vertex 3.9284748e-01 -3.9284748e-01 1.6853039e-01
      vertex 2.6189399e-01 -3.9195206e-01 1.1807874e-01
    endloop
  endfacet
  facet normal -3.2730208e-01 3.9881874e-01 8.5663117e-01
    outer loop
      vertex 3.9284748e-01 -3.9284748e-01 1.6853039e-01
      vertex 3.3332783e-01 -3.3332783e-01 1.1807874e-01
      vertex 2.6189399e-01 -3.9195206e-01 1.1807874e-01
    endloop
  endfacet
  facet normal -3.9881874e-01 3.2730208e-01 8.5663117e-01
    outer loop
      vertex 3.9284748e-01 -3.9284748e-01 1.6853039e-01
      vertex 4.6193977e-01 -3.0865828e-01 1.6853039e-01
      vertex 3.3332783e-01 -3.3332783e-01 1.1807874e-01
    endloop
  endfacet
  facet normal -3.9881874e-01 3.2730208e-01 8.5663117e-01
    outer loop
      vertex 4.6193977e-01 -3.0865828e-01 1.6853039e-01
      vertex 3.9195206e-01 -2.6189399e-01 1.1807874e-01
      vertex 3.3332783e-01 -3.3332783e-01 1.1807874e-01
    endloop
  endfacet
  facet normal -4.5500902e-01 2.4320739e-01 8.5663117e-01
    outer loop
      vertex 4.6193977e-01 -3.0865828e-01 1.6853039e-01
      vertex 5.1327997e-01 -2.1260752e-01 1.6853039e-01
      vertex 3.9195206e-01 -2.6189399e-01 1.1807874e-01
    endloop
  endfacet
  facet normal -4.5500902e-01 2.4320739e-01 8.5663117e-01
    outer loop
      vertex 5.1327997e-01 -2.1260752e-01 1.6853039e-01
      vertex 4.3551380e-01 -1.8039572e-01 1.1807874e-01
      vertex 3.9195206e-01 -2.6189399e-01 1.1807874e-01
    endloop
  endfacet
  facet normal -4.9371356e-01 1.4976637e-01 8.5663117e-01
    outer loop
      vertex 5.1327997e-01 -2.1260752e-01 1.6853039e-01
      vertex 5.4489511e-01 -1.0838638e-01 1.6853039e-01
      vertex 4.3551380e-01 -1.8039572e-01 1.1807874e-01
    endloop
  endfacet
  facet normal -4.9371356e-01 1.4976637e-01 8.5663117e-01
    outer loop
      vertex 5.4489511e-01 -1.0838638e-01 1.6853039e-01
      vertex 4.6233898e-01 -9.1964941e-02 1.1807874e-01
      vertex 4.3551380e-01 -1.8039572e-01 1.1807874e-01
    endloop
  endfacet
  facet normal -5.1344496e-01 5.0569915e-02 8.5663117e-01
    outer loop
      vertex 5.4489511e-01 -1.0838638e-01 1.6853039e-01
      vertex 5.5557023e-01 0.0000000e+00 1.6853039e-01
      vertex 4.6233898e-01 -9.1964941e-02 1.1807874e-01
    endloop
  endfacet
  facet normal -5.1344496e-01 5.0569915e-02 8.5663117e-01
    outer loop
      vertex 5.5557023e-01 0.0000000e+00 1.6853039e-01
      vertex 4.7139674e-01 0.0000000e+00 1.1807874e-01
      vertex 4.6233898e-01 -9.1964941e-02 1.1807874e-01
    endloop
  endfacet
  facet normal -4.2717651e-01 -4.2073214e-02 9.0318884e-01
    outer loop
      vertex 4.7139674e-01 0.0000000e+00 1.1807874e-01
      vertex 4.6233898e-01 9.1964941e-02 1.1807874e-01
      vertex 3.8268343e-01 0.0000000e+00 7.6120467e-02
    endloop
  endfacet
  facet normal -4.2717651e-01 -4.2073214e-02 9.0318884e-01
    outer loop
      vertex 4.6233898e-01 9.1964941e-02 1.1807874e-01
      vertex 3.7533028e-01 7.4657834e-02 7.6120467e-02
      vertex 3.8268343e-01 0.0000000e+00 7.6120467e-02
    endloop
  endfacet
  facet normal -4.1076035e-01 -1.2460279e-01 9.0318884e-01
    outer loop
      vertex 4.6233898e-01 9.1964941e-02 1.1807874e-01
      vertex 4.3551380e-01 1.8039572e-01 1.1807874e-01
      vertex 3.7533028e-01 7.4657834e-02 7.6120467e-02
    endloop
  endfacet
  facet normal -4.1076035e-01 -1.2460279e-01 9.0318884e-01
    outer loop
      vertex 4.3551380e-01 1.8039572e-01 1.1807874e-01
      vertex 3.5355339e-01 1.4644661e-01 7.6120467e-02
      vertex 3.7533028e-01 7.4657834e-02 7.6120467e-02
    endloop
  endfacet
  facet normal -3.7855891e-01 -2.0234395e-01 9.0318884e-01
    outer loop
      vertex 4.3551380e-01 1.8039572e-01 1.1807874e-01
      vertex 3.9195206e-01 2.6189399e-01 1.1807874e-01
      vertex 3.5355339e-01 1.4644661e-01 7.6120467e-02
    endloop
  endfacet
  facet normal -3.7855891e-01 -2.0234395e-01 9.0318884e-01
    outer loop
      vertex 3.9195206e-01 2.6189399e-01 1.1807874e-01
      vertex 3.1818965e-01 2.1260752e-01 7.6120467e-02
      vertex 3.5355339e-01 1.4644661e-01 7.6120467e-02
    endloop
  endfacet
  facet normal -3.3180966e-01 -2.7230915e-01 9.0318884e-01
    outer loop
      vertex 3.9195206e-01 2.6189399e-01 1.1807874e-01
      vertex 3.3332783e-01 3.3332783e-01 1.1807874e-01
      vertex 3.1818965e-01 2.1260752e-01 7.6120467e-02
    endloop
  endfacet
  facet normal -3.3180966e-01 -2.7230915e-01 9.0318884e-01
    outer loop
      vertex 3.3332783e-01 3.3332783e-01 1.1807874e-01
      vertex 2.7059805e-01 2.7059805e-01 7.6120467e-02
      vertex 3.1818965e-01 2.1260752e-01 7.6120467e-02
    endloop
  endfacet
  facet normal -2.7230915e-01 -3.3180966e-01 9.0318884e-01
    outer loop
      vertex 3.3332783e-01 3.3332783e-01 1.1807874e-01
      vertex 2.6189399e-01 3.9195206e-01 1.1807874e-01
      vertex 2.7059805e-01 2.7059805e-01 7.6120467e-02
    endloop
  endfacet
  facet normal -2.7230915e-01 -3.3180966e-01 9.0318884e-01
    outer loop
      vertex 2.6189399e-01 3.9195206e-01 1.1807874e-01
      vertex 2.1260752e-01 3.1818965e-01 7.6120467e-02
      vertex 2.7059805e-01 2.7059805e-01 7.6120467e-02
    endloop
  endfacet
  facet normal -2.0234395e-01 -3.7855891e-01 9.0318884e-01
    outer loop
      vertex 2.6189399e-01 3.9195206e-01 1.1807874e-01
      vertex 1.8039572e-01 4.3551380e-01 1.1807874e-01
      vertex 2.1260752e-01 3.1818965e-01 7.6120467e-02
    endloop
  endfacet
  facet normal -2.0234395e-01 -3.7855891e-01 9.0318884e-01
    outer loop
      vertex 1.8039572e-01 4.3551380e-01 1.1807874e-01
      vertex 1.4644661e-01 3.5355339e-01 7.6120467e-02
      vertex 2.1260752e-01 3.1818965e-01 7.6120467e-02
    endloop
  endfacet
  facet normal -1.2460279e-01 -4.1076035e-01 9.0318884e-01
    outer loop
      vertex 1.8039572e-01 4.3551380e-01 1.1807874e-01
      vertex 9.1964941e-02 4.6233898e-01 1.1807874e-01
      vertex 1.4644661e-01 3.5355339e-01 7.6120467e-02
    endloop
  endfacet
  facet normal -1.2460279e-01 -4.1076035e-01 9.0318884e-01
    outer loop
      vertex 9.1964941e-02 4.6233898e-01 1.1807874e-01
      vertex 7.4657834e-02 3.7533028e-01 7.6120467e-02
      vertex 1.4644661e-01 3.5355339e-01 7.6120467e-02
    endloop
  endfacet
  facet normal -4.2073214e-02 -4.2717651e-01 9.0318884e-01
    outer loop
      vertex 9.1964941e-02 4.6233898e-01 1.1807874e-01
      vertex 2.8864725e-17 4.7139674e-01 1.1807874e-01
      vertex 7.4657834e-02 3.7533028e-01 7.6120467e-02
    endloop
  endfacet
  facet normal -4.2073214e-02 -4.2717651e-01 9.0318884e-01
    outer loop
      vertex 2.8864725e-17 4.7139674e-01 1.1807874e-01
      vertex 2.3432602e-17 3.8268343e-01 7.6120467e-02
      vertex 7.4657834e-02 3.7533028e-01 7.6120467e-02
    endloop
  endfacet
  facet normal 4.2073214e-02 -4.2717651e-01 9.0318884e-01
    outer loop
      vertex 2.8864725e-17 4.7139674e-01 1.1807874e-01
      vertex -9.1964941e-02 4.6233898e-01 1.1807874e-01
      vertex 2.3432602e-17 3.8268343e-01 7.6120467e-02
    endloop
  endfacet
  facet normal 4.2073214e-02 -4.2717651e-01 9.0318884e-01
    outer loop
      vertex -9.1964941e-02 4.6233898e-01 1.1807874e-01
      vertex -7.4657834e-02 3.7533028e-01 7.6120467e-02
      vertex 2.3432602e-17 3.8268343e-01 7.6120467e-02
    endloop
  endfacet
  facet normal 1.2460279e-01 -4.1076035e-01 9.0318884e-01
    outer loop
      vertex -9.1964941e-02 4.6233898e-01 1.1807874e-01
      vertex -1.8039572e-01 4.3551380e-01 1.1807874e-01
      vertex -7.4657834e-02 3.7533028e-01 7.6120467e-02
    endloop
  endfacet
  facet normal 1.2460279e-01 -4.1076035e-01 9.0318884e-01
    outer loop
      vertex -1.8039572e-01 4.3551380e-01 1.1807874e-01
      vertex -1.4644661e-01 3.5355339e-01 7.6120467e-02
      vertex -7.4657834e-02 3.7533028e-01 7.6120467e-02
    endloop
  endfacet
  facet normal 2.0234395e-01 -3.7855891e-01 9.0318884e-01
    outer loop
      vertex -1.8039572e-01 4.3551380e-01 1.1807874e-01
      vertex -2.6189399e-01 3.9195206e-01 1.1807874e-01
      vertex -1.4644661e-01 3.5355339e-01 7.6120467e-02
    endloop
  endfacet
  facet normal 2.0234395e-01 -3.7855891e-01 9.0318884e-01
    outer loop
      vertex -2.6189399e-01 3.9195206e-01 1.1807874e-01
      vertex -2.1260752e-01 3.1818965e-01 7.6120467e-02
      vertex -1.4644661e-01 3.5355339e-01 7.6120467e-02
    endloop
  endfacet
  facet normal 2.7230915e-01 -3.3180966e-01 9.0318884e-01
    outer loop
      vertex -2.6189399e-01 3.9195206e-01 1.1807874e-01
      vertex -3.3332783e-01 3.3332783e-01 1.1807874e-01
      vertex -2.1260752e-01 3.1818965e-01 7.6120467e-02
    endloop
  endfacet
  facet normal 2.7230915e-01 -3.3180966e-01 9.0318884e-01
    outer loop
      vertex -3.3332783e-01 3.3332783e-01 1.1807874e-01
      vertex -2.7059805e-01 2.7059805e-01 7.6120467e-02
      vertex -2.1260752e-01 3.1818965e-01 7.6120467e-02
    endloop
  endfacet
  facet normal 3.3180966e-01 -2.7230915e-01 9.0318884e-01
    outer loop
      vertex -3.3332783e-01 3.3332783e-01 1.1807874e-01
      vertex -3.9195206e-01 2.6189399e-01 1.1807874e-01
      vertex -2.7059805e-01 2.7059805e-01 7.6120467e-02
    endloop
  endfacet
  facet normal 3.3180966e-01 -2.7230915e-01 9.0318884e-01
    outer loop
      vertex -3.9195206e-01 2.6189399e-01 1.1807874e-01
      vertex -3.1818965e-01 2.1260752e-01 7.6120467e-02
      vertex -2.7059805e-01 2.7059805e-01 7.6120467e-02
    endloop
  endfacet
  facet normal 3.7855891e-01 -2.0234395e-01 9.0318884e-01
    outer loop
      vertex -3.9195206e-01 2.6189399e-01 1.1807874e-01
      vertex -4.3551380e-01 1.8039572e-01 1.1807874e-01
      vertex -3.1818965e-01 2.1260752e-01 7.6120467e-02
    endloop
  endfacet
  facet normal 3.7855891e-01 -2.0234395e-01 9.0318884e-01
    outer loop
      vertex -4.3551380e-01 1.8039572e-01 1.1807874e-01
      vertex -3.5355339e-01 1.4644661e-01 7.6120467e-02
      vertex -3.1818965e-01 2.1260752e-01 7.6120467e-02
    endloop
  endfacet
  facet normal 4.1076035e-01 -1.2460279e-01 9.0318884e-01
    outer loop
      vertex -4.3551380e-01 1.8039572e-01 1.1807874e-01
      vertex -4.6233898e-01 9.1964941e-02 1.1807874e-01
      vertex -3.5355339e-01 1.4644661e-01 7.6120467e-02
    endloop
  endfacet
  facet normal 4.1076035e-01 -1.2460279e-01 9.0318884e-01
    outer loop
      vertex -4.6233898e-01 9.1964941e-02 1.1807874e-01
      vertex -3.7533028e-01 7.4657834e-02 7.6120467e-02
      vertex -3.5355339e-01 1.4644661e-01 7.6120467e-02
    endloop
  endfacet
  facet normal 4.2717651e-01 -4.2073214e-02 9.0318884e-01
    outer loop
      vertex -4.6233898e-01 9.1964941e-02 1.1807874e-01
      vertex -4.7139674e-01 5.7729450e-17 1.1807874e-01
      vertex -3.7533028e-01 7.4657834e-02 7.6120467e-02
    endloop
  endfacet
  facet normal 4.2717651e-01 -4.2073214e-02 9.0318884e-01
    outer loop
      vertex -4.7139674e-01 5.7729450e-17 1.1807874e-01
      vertex -3.8268343e-01 4.6865204e-17 7.6120467e-02
      vertex -3.7533028e-01 7.4657834e-02 7.6120467e-02
    endloop
  endfacet
  facet normal 4.2717651e-01 4.2073214e-02 9.0318884e-01
    outer loop
      vertex -4.7139674e-01 5.7729450e-17 1.1807874e-01
      vertex -4.6233898e-01 -9.1964941e-02 1.1807874e-01
      vertex -3.8268343e-01 4.6865204e-17 7.6120467e-02
    endloop
  endfacet
  facet normal 4.2717651e-01 4.2073214e-02 9.0318884e-01
    outer loop
      vertex -4.6233898e-01 -9.1964941e-02 1.1807874e-01
      vertex -3.7533028e-01 -7.4657834e-02 7.6120467e-02
      vertex -3.8268343e-01 4.6865204e-17 7.6120467e-02
    endloop
  endfacet
  facet normal 4.1076035e-01 1.2460279e-01 9.0318884e-01
    outer loop
      vertex -4.6233898e-01 -9.1964941e-02 1.1807874e-01
      vertex -4.3551380e-01 -1.8039572e-01 1.1807874e-01
      vertex -3.7533028e-01 -7.4657834e-02 7.6120467e-02
    endloop
  endfacet
  facet normal 4.1076035e-01 1.2460279e-01 9.0318884e-01
    outer loop
      vertex -4.3551380e-01 -1.8039572e-01 1.1807874e-01
      vertex -3.5355339e-01 -1.4644661e-01 7.6120467e-02
      vertex -3.7533028e-01 -7.4657834e-02 7.6120467e-02
    endloop
  endfacet
  facet normal 3.7855891e-01 2.0234395e-01 9.0318884e-01
    outer loop
      vertex -4.3551380e-01 -1.8039572e-01 1.1807874e-01
      vertex -3.9195206e-01 -2.6189399e-01 1.1807874e-01
      vertex -3.5355339e-01 -1.4644661e-01 7.6120467e-02
    endloop
  endfacet
  facet normal 3.7855891e-01 2.0234395e-01 9.0318884e-01
    outer loop
      vertex -3.9195206e-01 -2.6189399e-01 1.1807874e-01
      vertex -3.1818965e-01 -2.1260752e-01 7.6120467e-02
      vertex -3.5355339e-01 -1.4644661e-01 7.6120467e-02
    endloop
  endfacet
  facet normal 3.3180966e-01 2.7230915e-01 9.0318884e-01
    outer loop
      vertex -3.9195206e-01 -2.6189399e-01 1.1807874e-01
      vertex -3.3332783e-01 -3.3332783e-01 1.1807874e-01
      vertex -3.1818965e-01 -2.1260752e-01 7.6120467e-02
    endloop
  endfacet
  facet normal 3.3180966e-01 2.7230915e-01 9.0318884e-01
    outer loop
      vertex -3.3332783e-01 -3.3332783e-01 1.1807874e-01
      vertex -2.7059805e-01 -2.7059805e-01 7.6120467e-02
      vertex -3.1818965e-01 -2.1260752e-01 7.6120467e-02
    endloop
  endfacet
  facet normal 2.7230915e-01 3.3180966e-01 9.0318884e-01
    outer loop
      vertex -3.3332783e-01 -3.3332783e-01 1.1807874e-01
      vertex -2.6189399e-01 -3.9195206e-01 1.1807874e-01
      vertex -2.7059805e-01 -2.7059805e-01 7.6120467e-02
    endloop
  endfacet
  facet normal 2.7230915e-01 3.3180966e-01 9.0318884e-01
    outer loop
      vertex -2.6189399e-01 -3.9195206e-01 1.1807874e-01
      vertex -2.1260752e-01 -3.1818965e-01 7.6120467e-02
      vertex -2.7059805e-01 -2.7059805e-01 7.6120467e-02
    endloop
  endfacet
  facet normal 2.0234395e-01 3.7855891e-01 9.0318884e-01
    outer loop
      vertex -2.6189399e-01 -3.9195206e-01 1.1807874e-01
      vertex -1.8039572e-01 -4.3551380e-01 1.1807874e-01
      vertex -2.1260752e-01 -3.1818965e-01 7.6120467e-02
    endloop
  endfacet
  facet normal 2.0234395e-01 3.7855891e-01 9.0318884e-01
    outer loop
      vertex -1.8039572e-01 -4.3551380e-01 1.1807874e-01
      vertex -1.4644661e-01 -3.5355339e-01 7.6120467e-02
      vertex -2.1260752e-01 -3.1818965e-01 7.6120467e-02
    endloop
  endfacet
  facet normal 1.2460279e-01 4.1076035e-01 9.0318884e-01
    outer loop
      vertex -1.8039572e-01 -4.3551380e-01 1.1807874e-01
      vertex -9.1964941e-02 -4.6233898e-01 1.1807874e-01
      vertex -1.4644661e-01 -3.5355339e-01 7.6120467e-02
    endloop
  endfacet
  facet normal 1.2460279e-01 4.1076035e-01 9.0318884e-01
    outer loop
      vertex -9.1964941e-02 -4.6233898e-01 1.1807874e-01
      vertex -7.4657834e-02 -3.7533028e-01 7.6120467e-02
      vertex -1.4644661e-01 -3.5355339e-01 7.6120467e-02
    endloop
  endfacet
  facet normal 4.2073214e-02 4.2717651e-01 9.0318884e-01
    outer loop
      vertex -9.1964941e-02 -4.6233898e-01 1.1807874e-01
      vertex -8.6594176e-17 -4.7139674e-01 1.1807874e-01
      vertex -7.4657834e-02 -3.7533028e-01 7.6120467e-02
    endloop
  endfacet
  facet normal 4.2073214e-02 4.2717651e-01 9.0318884e-01
    outer loop
      vertex -8.6594176e-17 -4.7139674e-01 1.1807874e-01
      vertex -7.0297806e-17 -3.8268343e-01 7.6120467e-02
      vertex -7.4657834e-02 -3.7533028e-01 7.6120467e-02
    endloop
  endfacet
  facet normal -4.2073214e-02 4.2717651e-01 9.0318884e-01
    outer loop
      vertex -8.6594176e-17 -4.7139674e-01 1.1807874e-01
      vertex 9.1964941e-02 -4.6233898e-01 1.1807874e-01
      vertex -7.0297806e-17 -3.8268343e-01 7.6120467e-02
    endloop
  endfacet
  facet normal -4.2073214e-02 4.2717651e-01 9.0318884e-01
    outer loop
      vertex 9.1964941e-02 -4.6233898e-01 1.1807874e-01
      vertex 7.4657834e-02 -3.7533028e-01 7.6120467e-02
      vertex -7.0297806e-17 -3.8268343e-01 7.6120467e-02
    endloop
  endfacet
  facet normal -1.2460279e-01 4.1076035e-01 9.0318884e-01
    outer loop
      vertex 9.1964941e-02 -4.6233898e-01 1.1807874e-01
      vertex 1.8039572e-01 -4.3551380e-01 1.1807874e-01
      vertex 7.4657834e-02 -3.7533028e-01 7.6120467e-02
    endloop
  endfacet
  facet normal -1.2460279e-01 4.1076035e-01 9.0318884e-01
    outer loop
      vertex 1.8039572e-01 -4.3551380e-01 1.1807874e-01
      vertex 1.4644661e-01 -3.5355339e-01 7.6120467e-02
      vertex 7.4657834e-02 -3.7533028e-01 7.6120467e-02
    endloop
  endfacet
  facet normal -2.0234395e-01 3.7855891e-01 9.0318884e-01
    outer loop
      vertex 1.8039572e-01 -4.3551380e-01 1.1807874e-01
      vertex 2.6189399e-01 -3.9195206e-01 1.1807874e-01
      vertex 1.4644661e-01 -3.5355339e-01 7.6120467e-02
    endloop
  endfacet
  facet normal -2.0234395e-01 3.7855891e-01 9.0318884e-01
    outer loop
      vertex 2.6189399e-01 -3.9195206e-01 1.1807874e-01
      vertex 2.1260752e-01 -3.1818965e-01 7.6120467e-02
      vertex 1.4644661e-01 -3.5355339e-01 7.6120467e-02
    endloop
  endfacet
  facet normal -2.7230915e-01 3.3180966e-01 9.0318884e-01
    outer loop
      vertex 2.6189399e-01 -3.9195206e-01 1.1807874e-01
      vertex 3.3332783e-01 -3.3332783e-01 1.1807874e-01
      vertex 2.1260752e-01 -3.1818965e-01 7.6120467e-02
    endloop
  endfacet
  facet normal -2.7230915e-01 3.3180966e-01 9.0318884e-01
    outer loop
      vertex 3.3332783e-01 -3.3332783e-01 1.1807874e-01
      vertex 2.7059805e-01 -2.7059805e-01 7.6120467e-02
      vertex 2.1260752e-01 -3.1818965e-01 7.6120467e-02
    endloop
  endfacet
  facet normal -3.3180966e-01 2.7230915e-01 9.0318884e-01
    outer loop
      vertex 3.3332783e-01 -3.3332783e-01 1.1807874e-01
      vertex 3.9195206e-01 -2.6189399e-01 1.1807874e-01
      vertex 2.7059805e-01 -2.7059805e-01 7.6120467e-02
    endloop
  endfacet
  facet normal -3.3180966e-01 2.7230915e-01 9.0318884e-01
    outer loop
      vertex 3.9195206e-01 -2.6189399e-01 1.1807874e-01
      vertex 3.1818965e-01 -2.1260752e-01 7.6120467e-02
      vertex 2.7059805e-01 -2.7059805e-01 7.6120467e-02
    endloop
  endfacet
  facet normal -3.7855891e-01 2.0234395e-01 9.0318884e-01
    outer loop
      vertex 3.9195206e-01 -2.6189399e-01 1.1807874e-01
      vertex 4.3551380e-01 -1.8039572e-01 1.1807874e-01
      vertex 3.1818965e-01 -2.1260752e-01 7.6120467e-02
    endloop
  endfacet
  facet normal -3.7855891e-01 2.0234395e-01 9.0318884e-01
    outer loop
      vertex 4.3551380e-01 -1.8039572e-01 1.1807874e-01
      vertex 3.5355339e-01 -1.4644661e-01 7.6120467e-02
      vertex 3.1818965e-01 -2.1260752e-01 7.6120467e-02
    endloop
  endfacet
  facet normal -4.1076035e-01 1.2460279e-01 9.0318884e-01
    outer loop
      vertex 4.3551380e-01 -1.8039572e-01 1.1807874e-01
      vertex 4.6233898e-01 -9.1964941e-02 1.1807874e-01
      vertex 3.5355339e-01 -1.4644661e-01 7.6120467e-02
    endloop
  endfacet
  facet normal -4.1076035e-01 1.2460279e-01 9.0318884e-01
    outer loop
      vertex 4.6233898e-01 -9.1964941e-02 1.1807874e-01
      vertex 3.7533028e-01 -7.4657834e-02 7.6120467e-02
      vertex 3.5355339e-01 -1.4644661e-01 7.6120467e-02
    endloop
  endfacet
  facet normal -4.2717651e-01 4.2073214e-02 9.0318884e-01
    outer loop
      vertex 4.6233898e-01 -9.1964941e-02 1.1807874e-01
      vertex 4.7139674e-01 0.0000000e+00 1.1807874e-01
      vertex 3.7533028e-01 -7.4657834e-02 7.6120467e-02
    endloop
  endfacet
  facet normal -4.2717651e-01 4.2073214e-02 9.0318884e-01
    outer loop
      vertex 4.7139674e-01 0.0000000e+00 1.1807874e-01
      vertex 3.8268343e-01 0.0000000e+00 7.6120467e-02
      vertex 3.7533028e-01 -7.4657834e-02 7.6120467e-02
    endloop
  endfacet
  facet normal -3.3670455e-01 -3.3162504e-02 9.4102619e-01
    outer loop
      vertex 3.8268343e-01 0.0000000e+00 7.6120467e-02
      vertex 3.7533028e-01 7.4657834e-02 7.6120467e-02
      vertex 2.9028468e-01 0.0000000e+00 4.3059664e-02
    endloop
  endfacet
  facet normal -3.3670455e-01 -3.3162504e-02 9.4102619e-01
    outer loop
      vertex 3.7533028e-01 7.4657834e-02 7.6120467e-02
      vertex 2.8470694e-01 5.6631731e-02 4.3059664e-02
      vertex 2.9028468e-01 0.0000000e+00 4.3059664e-02
    endloop
  endfacet
  facet normal -3.2376519e-01 -9.8213096e-02 9.4102619e-01
    outer loop
      vertex 3.7533028e-01 7.4657834e-02 7.6120467e-02
      vertex 3.5355339e-01 1.4644661e-01 7.6120467e-02
      vertex 2.8470694e-01 5.6631731e-02 4.3059664e-02
    endloop
  endfacet
  facet normal -3.2376519e-01 -9.8213096e-02 9.4102619e-01
    outer loop
      vertex 3.5355339e-01 1.4644661e-01 7.6120467e-02
      vertex 2.6818807e-01 1.1108714e-01 4.3059664e-02
      vertex 2.8470694e-01 5.6631731e-02 4.3059664e-02
    endloop
  endfacet
  facet normal -2.9838371e-01 -1.5948941e-01 9.4102619e-01
    outer loop
      vertex 3.5355339e-01 1.4644661e-01 7.6120467e-02
      vertex 3.1818965e-01 2.1260752e-01 7.6120467e-02
      vertex 2.6818807e-01 1.1108714e-01 4.3059664e-02
    endloop
  endfacet
  facet normal -2.9838371e-01 -1.5948941e-01 9.4102619e-01
    outer loop
      vertex 3.1818965e-01 2.1260752e-01 7.6120467e-02
      vertex 2.4136289e-01 1.6127353e-01 4.3059664e-02
      vertex 2.6818807e-01 1.1108714e-01 4.3059664e-02
    endloop
  endfacet
  facet normal -2.6153551e-01 -2.1463664e-01 9.4102619e-01
    outer loop
      vertex 3.1818965e-01 2.1260752e-01 7.6120467e-02
      vertex 2.7059805e-01 2.7059805e-01 7.6120467e-02
      vertex 2.4136289e-01 1.6127353e-01 4.3059664e-02
    endloop
  endfacet
  facet normal -2.6153551e-01 -2.1463664e-01 9.4102619e-01
    outer loop
      vertex 2.7059805e-01 2.7059805e-01 7.6120467e-02
      vertex 2.0526226e-01 2.0526226e-01 4.3059664e-02
      vertex 2.4136289e-01 1.6127353e-01 4.3059664e-02
    endloop
  endfacet
  facet normal -2.1463664e-01 -2.6153551e-01 9.4102619e-01
    outer loop
      vertex 2.7059805e-01 2.7059805e-01 7.6120467e-02
      vertex 2.1260752e-01 3.1818965e-01 7.6120467e-02
      vertex 2.0526226e-01 2.0526226e-01 4.3059664e-02
    endloop
  endfacet
  facet normal -2.1463664e-01 -2.6153551e-01 9.4102619e-01
    outer loop
      vertex 2.1260752e-01 3.1818965e-01 7.6120467e-02
      vertex 1.6127353e-01 2.4136289e-01 4.3059664e-02
      vertex 2.0526226e-01 2.0526226e-01 4.3059664e-02
    endloop
  endfacet
  facet normal -1.5948941e-01 -2.9838371e-01 9.4102619e-01
    outer loop
      vertex 2.1260752e-01 3.1818965e-01 7.6120467e-02
      vertex 1.4644661e-01 3.5355339e-01 7.6120467e-02
      vertex 1.6127353e-01 2.4136289e-01 4.3059664e-02
    endloop
  endfacet
  facet normal -1.5948941e-01 -2.9838371e-01 9.4102619e-01
    outer loop
      vertex 1.4644661e-01 3.5355339e-01 7.6120467e-02
      vertex 1.1108714e-01 2.6818807e-01 4.3059664e-02
      vertex 1.6127353e-01 2.4136289e-01 4.3059664e-02
    endloop
  endfacet
  facet normal -9.8213096e-02 -3.2376519e-01 9.4102619e-01
    outer loop
      vertex 1.4644661e-01 3.5355339e-01 7.6120467e-02
      vertex 7.4657834e-02 3.7533028e-01 7.6120467e-02
      vertex 1.1108714e-01 2.6818807e-01 4.3059664e-02
    endloop
  endfacet
  facet normal -9.8213096e-02 -3.2376519e-01 9.4102619e-01
    outer loop
      vertex 7.4657834e-02 3.7533028e-01 7.6120467e-02
      vertex 5.6631731e-02 2.8470694e-01 4.3059664e-02
      vertex 1.1108714e-01 2.6818807e-01 4.3059664e-02
    endloop
  endfacet
  facet normal -3.3162504e-02 -3.3670455e-01 9.4102619e-01
    outer loop
      vertex 7.4657834e-02 3.7533028e-01 7.6120467e-02
      vertex 2.3432602e-17 3.8268343e-01 7.6120467e-02
      vertex 5.6631731e-02 2.8470694e-01 4.3059664e-02
    endloop
  endfacet
  facet normal -3.3162504e-02 -3.3670455e-01 9.4102619e-01
    outer loop
      vertex 2.3432602e-17 3.8268343e-01 7.6120467e-02
      vertex 1.7774810e-17 2.9028468e-01 4.3059664e-02
      vertex 5.6631731e-02 2.8470694e-01 4.3059664e-02
    endloop
  endfacet
  facet normal 3.3162504e-02 -3.3670455e-01 9.4102619e-01
    outer loop
      vertex 2.3432602e-17 3.8268343e-01 7.6120467e-02
      vertex -7.4657834e-02 3.7533028e-01 7.6120467e-02
      vertex 1.7774810e-17 2.9028468e-01 4.3059664e-02
    endloop
  endfacet
  facet normal 3.3162504e-02 -3.3670455e-01 9.4102619e-01
    outer loop
      vertex -7.4657834e-02 3.7533028e-01 7.6120467e-02
      vertex -5.6631731e-02 2.8470694e-01 4.3059664e-02
      vertex 1.7774810e-17 2.9028468e-01 4.3059664e-02
    endloop
  endfacet
  facet normal 9.8213096e-02 -3.2376519e-01 9.4102619e-01
    outer loop
      vertex -7.4657834e-02 3.7533028e-01 7.6120467e-02
      vertex -1.4644661e-01 3.5355339e-01 7.6120467e-02
      vertex -5.6631731e-02 2.8470694e-01 4.3059664e-02
    endloop
  endfacet
  facet normal 9.8213096e-02 -3.2376519e-01 9.4102619e-01
    outer loop
      vertex -1.4644661e-01 3.5355339e-01 7.6120467e-02
      vertex -1.1108714e-01 2.6818807e-01 4.3059664e-02
      vertex -5.6631731e-02 2.8470694e-01 4.3059664e-02
    endloop
  endfacet
  facet normal 1.5948941e-01 -2.9838371e-01 9.4102619e-01
    outer loop
      vertex -1.4644661e-01 3.5355339e-01 7.6120467e-02
      vertex -2.1260752e-01 3.1818965e-01 7.6120467e-02
      vertex -1.1108714e-01 2.6818807e-01 4.3059664e-02
    endloop
  endfacet
  facet normal 1.5948941e-01 -2.9838371e-01 9.4102619e-01
    outer loop
      vertex -2.1260752e-01 3.1818965e-01 7.6120467e-02
      vertex -1.6127353e-01 2.4136289e-01 4.3059664e-02
      vertex -1.1108714e-01 2.6818807e-01 4.3059664e-02
    endloop
  endfacet
  facet normal 2.1463664e-01 -2.6153551e-01 9.4102619e-01
    outer loop
      vertex -2.1260752e-01 3.1818965e-01 7.6120467e-02
      vertex -2.7059805e-01 2.7059805e-01 7.6120467e-02
      vertex -1.6127353e-01 2.4136289e-01 4.3059664e-02
    endloop
  endfacet
  facet normal 2.1463664e-01 -2.6153551e-01 9.4102619e-01
    outer loop
      vertex -2.7059805e-01 2.7059805e-01 7.6120467e-02
      vertex -2.0526226e-01 2.0526226e-01 4.3059664e-02
      vertex -1.6127353e-01 2.4136289e-01 4.3059664e-02
    endloop
  endfacet
  facet normal 2.6153551e-01 -2.1463664e-01 9.4102619e-01
    outer loop
      vertex -2.7059805e-01 2.7059805e-01 7.6120467e-02
      vertex -3.1818965e-01 2.1260752e-01 7.6120467e-02
      vertex -2.0526226e-01 2.0526226e-01 4.3059664e-02
    endloop
  endfacet
  facet normal 2.6153551e-01 -2.1463664e-01 9.4102619e-01
    outer loop
      vertex -3.1818965e-01 2.1260752e-01 7.6120467e-02
      vertex -2.4136289e-01 1.6127353e-01 4.3059664e-02
      vertex -2.0526226e-01 2.0526226e-01 4.3059664e-02
    endloop
  endfacet
  facet normal 2.9838371e-01 -1.5948941e-01 9.4102619e-01
    outer loop
      vertex -3.1818965e-01 2.1260752e-01 7.6120467e-02
      vertex -3.5355339e-01 1.4644661e-01 7.6120467e-02
      vertex -2.4136289e-01 1.6127353e-01 4.3059664e-02
    endloop
  endfacet
  facet normal 2.9838371e-01 -1.5948941e-01 9.4102619e-01
    outer loop
      vertex -3.5355339e-01 1.4644661e-01 7.6120467e-02
      vertex -2.6818807e-01 1.1108714e-01 4.3059664e-02
      vertex -2.4136289e-01 1.6127353e-01 4.3059664e-02
    endloop
  endfacet
  facet normal 3.2376519e-01 -9.8213096e-02 9.4102619e-01
    outer loop
      vertex -3.5355339e-01 1.4644661e-01 7.6120467e-02
      vertex -3.7533028e-01 7.4657834e-02 7.6120467e-02
      vertex -2.6818807e-01 1.1108714e-01 4.3059664e-02
    endloop
  endfacet
  facet normal 3.2376519e-01 -9.8213096e-02 9.4102619e-01
    outer loop
      vertex -3.7533028e-01 7.4657834e-02 7.6120467e-02
      vertex -2.8470694e-01 5.6631731e-02 4.3059664e-02
      vertex -2.6818807e-01 1.1108714e-01 4.3059664e-02
    endloop
  endfacet
  facet normal 3.3670455e-01 -3.3162504e-02 9.4102619e-01
    outer loop
      vertex -3.7533028e-01 7.4657834e-02 7.6120467e-02
      vertex -3.8268343e-01 4.6865204e-17 7.6120467e-02
      vertex -2.8470694e-01 5.6631731e-02 4.3059664e-02
    endloop
  endfacet
  facet normal 3.3670455e-01 -3.3162504e-02 9.4102619e-01
    outer loop
      vertex -3.8268343e-01 4.6865204e-17 7.6120467e-02
      vertex -2.9028468e-01 3.5549620e-17 4.3059664e-02
      vertex -2.8470694e-01 5.6631731e-02 4.3059664e-02
    endloop
  endfacet
  facet normal 3.3670455e-01 3.3162504e-02 9.4102619e-01
    outer loop
      vertex -3.8268343e-01 4.6865204e-17 7.6120467e-02
      vertex -3.7533028e-01 -7.4657834e-02 7.6120467e-02
      vertex -2.9028468e-01 3.5549620e-17 4.3059664e-02
    endloop
  endfacet
  facet normal 3.3670455e-01 3.3162504e-02 9.4102619e-01
    outer loop
      vertex -3.7533028e-01 -7.4657834e-02 7.6120467e-02
      vertex -2.8470694e-01 -5.6631731e-02 4.3059664e-02
      vertex -2.9028468e-01 3.5549620e-17 4.3059664e-02
    endloop
  endfacet
  facet normal 3.2376519e-01 9.8213096e-02 9.4102619e-01
    outer loop
      vertex -3.7533028e-01 -7.4657834e-02 7.6120467e-02
      vertex -3.5355339e-01 -1.4644661e-01 7.6120467e-02
      vertex -2.8470694e-01 -5.6631731e-02 4.3059664e-02
    endloop
  endfacet
  facet normal 3.2376519e-01 9.8213096e-02 9.4102619e-01
    outer loop
      vertex -3.5355339e-01 -1.4644661e-01 7.6120467e-02
      vertex -2.6818807e-01 -1.1108714e-01 4.3059664e-02
      vertex -2.8470694e-01 -5.6631731e-02 4.3059664e-02
    endloop
  endfacet
  facet normal 2.9838371e-01 1.5948941e-01 9.4102619e-01
    outer loop
      vertex -3.5355339e-01 -1.4644661e-01 7.6120467e-02
      vertex -3.1818965e-01 -2.1260752e-01 7.6120467e-02
      vertex -2.6818807e-01 -1.1108714e-01 4.3059664e-02
    endloop
  endfacet
  facet normal 2.9838371e-01 1.5948941e-01 9.4102619e-01
    outer loop
      vertex -3.1818965e-01 -2.1260752e-01 7.6120467e-02
      vertex -2.4136289e-01 -1.6127353e-01 4.3059664e-02
      vertex -2.6818807e-01 -1.1108714e-01 4.3059664e-02
    endloop
  endfacet
  facet normal 2.6153551e-01 2.1463664e-01 9.4102619e-01
    outer loop
      vertex -3.1818965e-01 -2.1260752e-01 7.6120467e-02
      vertex -2.7059805e-01 -2.7059805e-01 7.6120467e-02
      vertex -2.4136289e-01 -1.6127353e-01 4.3059664e-02
    endloop
  endfacet
  facet normal 2.6153551e-01 2.1463664e-01 9.4102619e-01
    outer loop
      vertex -2.7059805e-01 -2.7059805e-01 7.6120467e-02
      vertex -2.0526226e-01 -2.0526226e-01 4.3059664e-02
      vertex -2.4136289e-01 -1.6127353e-01 4.3059664e-02
    endloop
  endfacet
  facet normal 2.1463664e-01 2.6153551e-01 9.4102619e-01
    outer loop
      vertex -2.7059805e-01 -2.7059805e-01 7.6120467e-02
      vertex -2.1260752e-01 -3.1818965e-01 7.6120467e-02
      vertex -2.0526226e-01 -2.0526226e-01 4.3059664e-02
    endloop
  endfacet
  facet normal 2.1463664e-01 2.6153551e-01 9.4102619e-01
    outer loop
      vertex -2.1260752e-01 -3.1818965e-01 7.6120467e-02
      vertex -1.6127353e-01 -2.4136289e-01 4.3059664e-02
      vertex -2.0526226e-01 -2.0526226e-01 4.3059664e-02
    endloop
  endfacet
  facet normal 1.5948941e-01 2.9838371e-01 9.4102619e-01
    outer loop
      vertex -2.1260752e-01 -3.1818965e-01 7.6120467e-02
      vertex -1.4644661e-01 -3.5355339e-01 7.6120467e-02
      vertex -1.6127353e-01 -2.4136289e-01 4.3059664e-02
    endloop
  endfacet
  facet normal 1.5948941e-01 2.9838371e-01 9.4102619e-01
    outer loop
      vertex -1.4644661e-01 -3.5355339e-01 7.6120467e-02
      vertex -1.1108714e-01 -2.6818807e-01 4.3059664e-02
      vertex -1.6127353e-01 -2.4136289e-01 4.3059664e-02
    endloop
  endfacet
  facet normal 9.8213096e-02 3.2376519e-01 9.4102619e-01
    outer loop
      vertex -1.4644661e-01 -3.5355339e-01 7.6120467e-02
      vertex -7.4657834e-02 -3.7533028e-01 7.6120467e-02
      vertex -1.1108714e-01 -2.6818807e-01 4.3059664e-02
    endloop
  endfacet
  facet normal 9.8213096e-02 3.2376519e-01 9.4102619e-01
    outer loop
      vertex -7.4657834e-02 -3.7533028e-01 7.6120467e-02
      vertex -5.6631731e-02 -2.8470694e-01 4.3059664e-02
      vertex -1.1108714e-01 -2.6818807e-01 4.3059664e-02
    endloop
  endfacet
  facet normal 3.3162504e-02 3.3670455e-01 9.4102619e-01
    outer loop
      vertex -7.4657834e-02 -3.7533028e-01 7.6120467e-02
      vertex -7.0297806e-17 -3.8268343e-01 7.6120467e-02
      vertex -5.6631731e-02 -2.8470694e-01 4.3059664e-02
    endloop
  endfacet
  facet normal 3.3162504e-02 3.3670455e-01 9.4102619e-01
    outer loop
      vertex -7.0297806e-17 -3.8268343e-01 7.6120467e-02
      vertex -5.3324430e-17 -2.9028468e-01 4.3059664e-02
      vertex -5.6631731e-02 -2.8470694e-01 4.3059664e-02
    endloop
  endfacet
  facet normal -3.3162504e-02 3.3670455e-01 9.4102619e-01
    outer loop
      vertex -7.0297806e-17 -3.8268343e-01 7.6120467e-02
      vertex 7.4657834e-02 -3.7533028e-01 7.6120467e-02
      vertex -5.3324430e-17 -2.9028468e-01 4.3059664e-02
    endloop
  endfacet
  facet normal -3.3162504e-02 3.3670455e-01 9.4102619e-01
    outer loop
      vertex 7.4657834e-02 -3.7533028e-01 7.6120467e-02
      vertex 5.6631731e-02 -2.8470694e-01 4.3059664e-02
      vertex -5.3324430e-17 -2.9028468e-01 4.3059664e-02
    endloop
  endfacet
  facet normal -9.8213096e-02 3.2376519e-01 9.4102619e-01
    outer loop
      vertex 7.4657834e-02 -3.7533028e-01 7.6120467e-02
      vertex 1.4644661e-01 -3.5355339e-01 7.6120467e-02
      vertex 5.6631731e-02 -2.8470694e-01 4.3059664e-02
    endloop
  endfacet
  facet normal -9.8213096e-02 3.2376519e-01 9.4102619e-01
    outer loop
      vertex 1.4644661e-01 -3.5355339e-01 7.6120467e-02
      vertex 1.1108714e-01 -2.6818807e-01 4.3059664e-02
      vertex 5.6631731e-02 -2.8470694e-01 4.3059664e-02
    endloop
  endfacet
  facet normal -1.5948941e-01 2.9838371e-01 9.4102619e-01
    outer loop
      vertex 1.4644661e-01 -3.5355339e-01 7.6120467e-02
      vertex 2.1260752e-01 -3.1818965e-01 7.6120467e-02
      vertex 1.1108714e-01 -2.6818807e-01 4.3059664e-02
    endloop
  endfacet
  facet normal -1.5948941e-01 2.9838371e-01 9.4102619e-01
    outer loop
      vertex 2.1260752e-01 -3.1818965e-01 7.6120467e-02
      vertex 1.6127353e-01 -2.4136289e-01 4.3059664e-02
      vertex 1.1108714e-01 -2.6818807e-01 4.3059664e-02
    endloop
  endfacet
  facet normal -2.1463664e-01 2.6153551e-01 9.4102619e-01
    outer loop
      vertex 2.1260752e-01 -3.1818965e-01 7.6120467e-02
      vertex 2.7059805e-01 -2.7059805e-01 7.6120467e-02
      vertex 1.6127353e-01 -2.4136289e-01 4.3059664e-02
    endloop
  endfacet
  facet normal -2.1463664e-01 2.6153551e-01 9.4102619e-01
    outer loop
      vertex 2.7059805e-01 -2.7059805e-01 7.6120467e-02
      vertex 2.0526226e-01 -2.0526226e-01 4.3059664e-02
      vertex 1.6127353e-01 -2.4136289e-01 4.3059664e-02
    endloop
  endfacet
  facet normal -2.6153551e-01 2.1463664e-01 9.4102619e-01
    outer loop
      vertex 2.7059805e-01 -2.7059805e-01 7.6120467e-02
      vertex 3.1818965e-01 -2.1260752e-01 7.6120467e-02
      vertex 2.0526226e-01 -2.0526226e-01 4.3059664e-02
    endloop
  endfacet
  facet normal -2.6153551e-01 2.1463664e-01 9.4102619e-01
    outer loop
      vertex 3.1818965e-01 -2.1260752e-01 7.6120467e-02
      vertex 2.4136289e-01 -1.6127353e-01 4.3059664e-02
      vertex 2.0526226e-01 -2.0526226e-01 4.3059664e-02
    endloop
  endfacet
  facet normal -2.9838371e-01 1.5948941e-01 9.4102619e-01
    outer loop
      vertex 3.1818965e-01 -2.1260752e-01 7.6120467e-02
      vertex 3.5355339e-01 -1.4644661e-01 7.6120467e-02
      vertex 2.4136289e-01 -1.6127353e-01 4.3059664e-02
    endloop
  endfacet
  facet normal -2.9838371e-01 1.5948941e-01 9.4102619e-01
    outer loop
      vertex 3.5355339e-01 -1.4644661e-01 7.6120467e-02
      vertex 2.6818807e-01 -1.1108714e-01 4.3059664e-02
      vertex 2.4136289e-01 -1.6127353e-01 4.3059664e-02
    endloop
  endfacet
  facet normal -3.2376519e-01 9.8213096e-02 9.4102619e-01
    outer loop
      vertex 3.5355339e-01 -1.4644661e-01 7.6120467e-02
      vertex 3.7533028e-01 -7.4657834e-02 7.6120467e-02
      vertex 2.6818807e-01 -1.1108714e-01 4.3059664e-02
    endloop
  endfacet
  facet normal -3.2376519e-01 9.8213096e-02 9.4102619e-01
    outer loop
      vertex 3.7533028e-01 -7.4657834e-02 7.6120467e-02
      vertex 2.8470694e-01 -5.6631731e-02 4.3059664e-02
      vertex 2.6818807e-01 -1.1108714e-01 4.3059664e-02
    endloop
  endfacet
  facet normal -3.3670455e-01 3.3162504e-02 9.4102619e-01
    outer loop
      vertex 3.7533028e-01 -7.4657834e-02 7.6120467e-02
      vertex 3.8268343e-01 0.0000000e+00 7.6120467e-02
      vertex 2.8470694e-01 -5.6631731e-02 4.3059664e-02
    endloop
  endfacet
  facet normal -3.3670455e-01 3.3162504e-02 9.4102619e-01
    outer loop
      vertex 3.8268343e-01 0.0000000e+00 7.6120467e-02
      vertex 2.9028468e-01 0.0000000e+00 4.3059664e-02
      vertex 2.8470694e-01 -5.6631731e-02 4.3059664e-02
    endloop
  endfacet
  facet normal -2.4291063e-01 -2.3924609e-02 9.6975360e-01
    outer loop
      vertex 2.9028468e-01 0.0000000e+00 4.3059664e-02
      vertex 2.8470694e-01 5.6631731e-02 4.3059664e-02
      vertex 1.9509032e-01 0.0000000e+00 1.9214720e-02
    endloop
  endfacet
  facet normal -2.4291063e-01 -2.3924609e-02 9.6975360e-01
    outer loop
      vertex 2.8470694e-01 5.6631731e-02 4.3059664e-02
      vertex 1.9134172e-01 3.8060234e-02 1.9214720e-02
      vertex 1.9509032e-01 0.0000000e+00 1.9214720e-02
    endloop
  endfacet
  facet normal -2.3357571e-01 -7.0854417e-02 9.6975360e-01
    outer loop
      vertex 2.8470694e-01 5.6631731e-02 4.3059664e-02
      vertex 2.6818807e-01 1.1108714e-01 4.3059664e-02
      vertex 1.9134172e-01 3.8060234e-02 1.9214720e-02
    endloop
  endfacet
  facet normal -2.3357571e-01 -7.0854417e-02 9.6975360e-01
    outer loop
      vertex 2.6818807e-01 1.1108714e-01 4.3059664e-02
      vertex 1.8023996e-01 7.4657834e-02 1.9214720e-02
      vertex 1.9134172e-01 3.8060234e-02 1.9214720e-02
    endloop
  endfacet
  facet normal -2.1526461e-01 -1.1506133e-01 9.6975360e-01
    outer loop
      vertex 2.6818807e-01 1.1108714e-01 4.3059664e-02
      vertex 2.4136289e-01 1.6127353e-01 4.3059664e-02
      vertex 1.8023996e-01 7.4657834e-02 1.9214720e-02
    endloop
  endfacet
  facet normal -2.1526461e-01 -1.1506133e-01 9.6975360e-01
    outer loop
      vertex 2.4136289e-01 1.6127353e-01 4.3059664e-02
      vertex 1.6221167e-01 1.0838638e-01 1.9214720e-02
      vertex 1.8023996e-01 7.4657834e-02 1.9214720e-02
    endloop
  endfacet
  facet normal -1.8868101e-01 -1.5484650e-01 9.6975360e-01
    outer loop
      vertex 2.4136289e-01 1.6127353e-01 4.3059664e-02
      vertex 2.0526226e-01 2.0526226e-01 4.3059664e-02
      vertex 1.6221167e-01 1.0838638e-01 1.9214720e-02
    endloop
  endfacet
  facet normal -1.8868101e-01 -1.5484650e-01 9.6975360e-01
    outer loop
      vertex 2.0526226e-01 2.0526226e-01 4.3059664e-02
      vertex 1.3794969e-01 1.3794969e-01 1.9214720e-02
      vertex 1.6221167e-01 1.0838638e-01 1.9214720e-02
    endloop
  endfacet
  facet normal -1.5484650e-01 -1.8868101e-01 9.6975360e-01
    outer loop
      vertex 2.0526226e-01 2.0526226e-01 4.3059664e-02
      vertex 1.6127353e-01 2.4136289e-01 4.3059664e-02
      vertex 1.3794969e-01 1.3794969e-01 1.9214720e-02
    endloop
  endfacet
  facet normal -1.5484650e-01 -1.8868101e-01 9.6975360e-01
    outer loop
      vertex 1.6127353e-01 2.4136289e-01 4.3059664e-02
      vertex 1.0838638e-01 1.6221167e-01 1.9214720e-02
      vertex 1.3794969e-01 1.3794969e-01 1.9214720e-02
    endloop
  endfacet
  facet normal -1.1506133e-01 -2.1526461e-01 9.6975360e-01
    outer loop
      vertex 1.6127353e-01 2.4136289e-01 4.3059664e-02
      vertex 1.1108714e-01 2.6818807e-01 4.3059664e-02
      vertex 1.0838638e-01 1.6221167e-01 1.9214720e-02
    endloop
  endfacet
  facet normal -1.1506133e-01 -2.1526461e-01 9.6975360e-01
    outer loop
      vertex 1.1108714e-01 2.6818807e-01 4.3059664e-02
      vertex 7.4657834e-02 1.8023996e-01 1.9214720e-02
      vertex 1.0838638e-01 1.6221167e-01 1.9214720e-02
    endloop
  endfacet
  facet normal -7.0854417e-02 -2.3357571e-01 9.6975360e-01
    outer loop
      vertex 1.1108714e-01 2.6818807e-01 4.3059664e-02
      vertex 5.6631731e-02 2.8470694e-01 4.3059664e-02
      vertex 7.4657834e-02 1.8023996e-01 1.9214720e-02
    endloop
  endfacet
  facet normal -7.0854417e-02 -2.3357571e-01 9.6975360e-01
    outer loop
      vertex 5.6631731e-02 2.8470694e-01 4.3059664e-02
      vertex 3.8060234e-02 1.9134172e-01 1.9214720e-02
      vertex 7.4657834e-02 1.8023996e-01 1.9214720e-02
    endloop
  endfacet
  facet normal -2.3924609e-02 -2.4291063e-01 9.6975360e-01
    outer loop
      vertex 5.6631731e-02 2.8470694e-01 4.3059664e-02
      vertex 1.7774810e-17 2.9028468e-01 4.3059664e-02
      vertex 3.8060234e-02 1.9134172e-01 1.9214720e-02
    endloop
  endfacet
  facet normal -2.3924609e-02 -2.4291063e-01 9.6975360e-01
    outer loop
      vertex 1.7774810e-17 2.9028468e-01 4.3059664e-02
      vertex 1.1945837e-17 1.9509032e-01 1.9214720e-02
      vertex 3.8060234e-02 1.9134172e-01 1.9214720e-02
    endloop
  endfacet
  facet normal 2.3924609e-02 -2.4291063e-01 9.6975360e-01
    outer loop
      vertex 1.7774810e-17 2.9028468e-01 4.3059664e-02
      vertex -5.6631731e-02 2.8470694e-01 4.3059664e-02
      vertex 1.1945837e-17 1.9509032e-01 1.9214720e-02
    endloop
  endfacet
  facet normal 2.3924609e-02 -2.4291063e-01 9.6975360e-01
    outer loop
      vertex -5.6631731e-02 2.8470694e-01 4.3059664e-02
      vertex -3.8060234e-02 1.9134172e-01 1.9214720e-02
      vertex 1.1945837e-17 1.9509032e-01 1.9214720e-02
    endloop
  endfacet
  facet normal 7.0854417e-02 -2.3357571e-01 9.6975360e-01
    outer loop
      vertex -5.6631731e-02 2.8470694e-01 4.3059664e-02
      vertex -1.1108714e-01 2.6818807e-01 4.3059664e-02
      vertex -3.8060234e-02 1.9134172e-01 1.9214720e-02
    endloop
  endfacet
  facet normal 7.0854417e-02 -2.3357571e-01 9.6975360e-01
    outer loop
      vertex -1.1108714e-01 2.6818807e-01 4.3059664e-02
      vertex -7.4657834e-02 1.8023996e-01 1.9214720e-02
      vertex -3.8060234e-02 1.9134172e-01 1.9214720e-02
    endloop
  endfacet
  facet normal 1.1506133e-01 -2.1526461e-01 9.6975360e-01
    outer loop
      vertex -1.1108714e-01 2.6818807e-01 4.3059664e-02
      vertex -1.6127353e-01 2.4136289e-01 4.3059664e-02
      vertex -7.4657834e-02 1.8023996e-01 1.9214720e-02
    endloop
  endfacet
  facet normal 1.1506133e-01 -2.1526461e-01 9.6975360e-01
    outer loop
      vertex -1.6127353e-01 2.4136289e-01 4.3059664e-02
      vertex -1.0838638e-01 1.6221167e-01 1.9214720e-02
      vertex -7.4657834e-02 1.8023996e-01 1.9214720e-02
    endloop
  endfacet
  facet normal 1.5484650e-01 -1.8868101e-01 9.6975360e-01
    outer loop
      vertex -1.6127353e-01 2.4136289e-01 4.3059664e-02
      vertex -2.0526226e-01 2.0526226e-01 4.3059664e-02
      vertex -1.0838638e-01 1.6221167e-01 1.9214720e-02
    endloop
  endfacet
  facet normal 1.5484650e-01 -1.8868101e-01 9.6975360e-01
    outer loop
      vertex -2.0526226e-01 2.0526226e-01 4.3059664e-02
      vertex -1.3794969e-01 1.3794969e-01 1.9214720e-02
      vertex -1.0838638e-01 1.6221167e-01 1.9214720e-02
    endloop
  endfacet
  facet normal 1.8868101e-01 -1.5484650e-01 9.6975360e-01
    outer loop
      vertex -2.0526226e-01 2.0526226e-01 4.3059664e-02
      vertex -2.4136289e-01 1.6127353e-01 4.3059664e-02
      vertex -1.3794969e-01 1.3794969e-01 1.9214720e-02
    endloop
  endfacet
  facet normal 1.8868101e-01 -1.5484650e-01 9.6975360e-01
    outer loop
      vertex -2.4136289e-01 1.6127353e-01 4.3059664e-02
      vertex -1.6221167e-01 1.0838638e-01 1.9214720e-02
      vertex -1.3794969e-01 1.3794969e-01 1.9214720e-02
    endloop
  endfacet
  facet normal 2.1526461e-01 -1.1506133e-01 9.6975360e-01
    outer loop
      vertex -2.4136289e-01 1.6127353e-01 4.3059664e-02
      vertex -2.6818807e-01 1.1108714e-01 4.3059664e-02
      vertex -1.6221167e-01 1.0838638e-01 1.9214720e-02
    endloop
  endfacet
  facet normal 2.1526461e-01 -1.1506133e-01 9.6975360e-01
    outer loop
      vertex -2.6818807e-01 1.1108714e-01 4.3059664e-02
      vertex -1.8023996e-01 7.4657834e-02 1.9214720e-02
      vertex -1.6221167e-01 1.0838638e-01 1.9214720e-02
    endloop
  endfacet
  facet normal 2.3357571e-01 -7.0854417e-02 9.6975360e-01
    outer loop
      vertex -2.6818807e-01 1.1108714e-01 4.3059664e-02
      vertex -2.8470694e-01 5.6631731e-02 4.3059664e-02
      vertex -1.8023996e-01 7.4657834e-02 1.9214720e-02
    endloop
  endfacet
  facet normal 2.3357571e-01 -7.0854417e-02 9.6975360e-01
    outer loop
      vertex -2.8470694e-01 5.6631731e-02 4.3059664e-02
      vertex -1.9134172e-01 3.8060234e-02 1.9214720e-02
      vertex -1.8023996e-01 7.4657834e-02 1.9214720e-02
    endloop
  endfacet
  facet normal 2.4291063e-01 -2.3924609e-02 9.6975360e-01
    outer loop
      vertex -2.8470694e-01 5.6631731e-02 4.3059664e-02
      vertex -2.9028468e-01 3.5549620e-17 4.3059664e-02
      vertex -1.9134172e-01 3.8060234e-02 1.9214720e-02
    endloop
  endfacet
  facet normal 2.4291063e-01 -2.3924609e-02 9.6975360e-01
    outer loop
      vertex -2.9028468e-01 3.5549620e-17 4.3059664e-02
      vertex -1.9509032e-01 2.3891674e-17 1.9214720e-02
      vertex -1.9134172e-01 3.8060234e-02 1.9214720e-02
    endloop
  endfacet
  facet normal 2.4291063e-01 2.3924609e-02 9.6975360e-01
    outer loop
      vertex -2.9028468e-01 3.5549620e-17 4.3059664e-02
      vertex -2.8470694e-01 -5.6631731e-02 4.3059664e-02
      vertex -1.9509032e-01 2.3891674e-17 1.9214720e-02
    endloop
  endfacet
  facet normal 2.4291063e-01 2.3924609e-02 9.6975360e-01
    outer loop
      vertex -2.8470694e-01 -5.6631731e-02 4.3059664e-02
      vertex -1.9134172e-01 -3.8060234e-02 1.9214720e-02
      vertex -1.9509032e-01 2.3891674e-17 1.9214720e-02
    endloop
  endfacet
  facet normal 2.3357571e-01 7.0854417e-02 9.6975360e-01
    outer loop
      vertex -2.8470694e-01 -5.6631731e-02 4.3059664e-02
      vertex -2.6818807e-01 -1.1108714e-01 4.3059664e-02
      vertex -1.9134172e-01 -3.8060234e-02 1.9214720e-02
    endloop
  endfacet
  facet normal 2.3357571e-01 7.0854417e-02 9.6975360e-01
    outer loop
      vertex -2.6818807e-01 -1.1108714e-01 4.3059664e-02
      vertex -1.8023996e-01 -7.4657834e-02 1.9214720e-02
      vertex -1.9134172e-01 -3.8060234e-02 1.9214720e-02
    endloop
  endfacet
  facet normal 2.1526461e-01 1.1506133e-01 9.6975360e-01
    outer loop
      vertex -2.6818807e-01 -1.1108714e-01 4.3059664e-02
      vertex -2.4136289e-01 -1.6127353e-01 4.3059664e-02
      vertex -1.8023996e-01 -7.4657834e-02 1.9214720e-02
    endloop
  endfacet
  facet normal 2.1526461e-01 1.1506133e-01 9.6975360e-01
    outer loop
      vertex -2.4136289e-01 -1.6127353e-01 4.3059664e-02
      vertex -1.6221167e-01 -1.0838638e-01 1.9214720e-02
      vertex -1.8023996e-01 -7.4657834e-02 1.9214720e-02
    endloop
  endfacet
  facet normal 1.8868101e-01 1.5484650e-01 9.6975360e-01
    outer loop
      vertex -2.4136289e-01 -1.6127353e-01 4.3059664e-02
      vertex -2.0526226e-01 -2.0526226e-01 4.3059664e-02
      vertex -1.6221167e-01 -1.0838638e-01 1.9214720e-02
    endloop
  endfacet
  facet normal 1.8868101e-01 1.5484650e-01 9.6975360e-01
    outer loop
      vertex -2.0526226e-01 -2.0526226e-01 4.3059664e-02
      vertex -1.3794969e-01 -1.3794969e-01 1.9214720e-02
      vertex -1.6221167e-01 -1.0838638e-01 1.9214720e-02
    endloop
  endfacet
  facet normal 1.5484650e-01 1.8868101e-01 9.6975360e-01
    outer loop
      vertex -2.0526226e-01 -2.0526226e-01 4.3059664e-02
      vertex -1.6127353e-01 -2.4136289e-01 4.3059664e-02
      vertex -1.3794969e-01 -1.3794969e-01 1.9214720e-02
    endloop
  endfacet
  facet normal 1.5484650e-01 1.8868101e-01 9.6975360e-01
    outer loop
      vertex -1.6127353e-01 -2.4136289e-01 4.3059664e-02
      vertex -1.0838638e-01 -1.6221167e-01 1.9214720e-02
      vertex -1.3794969e-01 -1.3794969e-01 1.9214720e-02
    endloop
  endfacet
  facet normal 1.1506133e-01 2.1526461e-01 9.6975360e-01
    outer loop
      vertex -1.6127353e-01 -2.4136289e-01 4.3059664e-02
      vertex -1.1108714e-01 -2.6818807e-01 4.3059664e-02
      vertex -1.0838638e-01 -1.6221167e-01 1.9214720e-02
    endloop
  endfacet
  facet normal 1.1506133e-01 2.1526461e-01 9.6975360e-01
    outer loop
      vertex -1.1108714e-01 -2.6818807e-01 4.3059664e-02
      vertex -7.4657834e-02 -1.8023996e-01 1.9214720e-02
      vertex -1.0838638e-01 -1.6221167e-01 1.9214720e-02
    endloop
  endfacet
  facet normal 7.0854417e-02 2.3357571e-01 9.6975360e-01
    outer loop
      vertex -1.1108714e-01 -2.6818807e-01 4.3059664e-02
      vertex -5.6631731e-02 -2.8470694e-01 4.3059664e-02
      vertex -7.4657834e-02 -1.8023996e-01 1.9214720e-02
    endloop
  endfacet
  facet normal 7.0854417e-02 2.3357571e-01 9.6975360e-01
    outer loop
      vertex -5.6631731e-02 -2.8470694e-01 4.3059664e-02
      vertex -3.8060234e-02 -1.9134172e-01 1.9214720e-02
      vertex -7.4657834e-02 -1.8023996e-01 1.9214720e-02
    endloop
  endfacet
  facet normal 2.3924609e-02 2.4291063e-01 9.6975360e-01
    outer loop
      vertex -5.6631731e-02 -2.8470694e-01 4.3059664e-02
      vertex -5.3324430e-17 -2.9028468e-01 4.3059664e-02
      vertex -3.8060234e-02 -1.9134172e-01 1.9214720e-02
    endloop
  endfacet
  facet normal 2.3924609e-02 2.4291063e-01 9.6975360e-01
    outer loop
      vertex -5.3324430e-17 -2.9028468e-01 4.3059664e-02
      vertex -3.5837511e-17 -1.9509032e-01 1.9214720e-02
      vertex -3.8060234e-02 -1.9134172e-01 1.9214720e-02
    endloop
  endfacet
  facet normal -2.3924609e-02 2.4291063e-01 9.6975360e-01
    outer loop
      vertex -5.3324430e-17 -2.9028468e-01 4.3059664e-02
      vertex 5.6631731e-02 -2.8470694e-01 4.3059664e-02
      vertex -3.5837511e-17 -1.9509032e-01 1.9214720e-02
    endloop
  endfacet
  facet normal -2.3924609e-02 2.4291063e-01 9.6975360e-01
    outer loop
      vertex 5.6631731e-02 -2.8470694e-01 4.3059664e-02
      vertex 3.8060234e-02 -1.9134172e-01 1.9214720e-02
      vertex -3.5837511e-17 -1.9509032e-01 1.9214720e-02
    endloop
  endfacet
  facet normal -7.0854417e-02 2.3357571e-01 9.6975360e-01
    outer loop
      vertex 5.6631731e-02 -2.8470694e-01 4.3059664e-02
      vertex 1.1108714e-01 -2.6818807e-01 4.3059664e-02
      vertex 3.8060234e-02 -1.9134172e-01 1.9214720e-02
    endloop
  endfacet
  facet normal -7.0854417e-02 2.3357571e-01 9.6975360e-01
    outer loop
      vertex 1.1108714e-01 -2.6818807e-01 4.3059664e-02
      vertex 7.4657834e-02 -1.8023996e-01 1.9214720e-02
      vertex 3.8060234e-02 -1.9134172e-01 1.9214720e-02
    endloop
  endfacet
  facet normal -1.1506133e-01 2.1526461e-01 9.6975360e-01
    outer loop
      vertex 1.1108714e-01 -2.6818807e-01 4.3059664e-02
      vertex 1.6127353e-01 -2.4136289e-01 4.3059664e-02
      vertex 7.4657834e-02 -1.8023996e-01 1.9214720e-02
    endloop
  endfacet
  facet normal -1.1506133e-01 2.1526461e-01 9.6975360e-01
    outer loop
      vertex 1.6127353e-01 -2.4136289e-01 4.3059664e-02
      vertex 1.0838638e-01 -1.6221167e-01 1.9214720e-02
      vertex 7.4657834e-02 -1.8023996e-01 1.9214720e-02
    endloop
  endfacet
  facet normal -1.5484650e-01 1.8868101e-01 9.6975360e-01
    outer loop
      vertex 1.6127353e-01 -2.4136289e-01 4.3059664e-02
      vertex 2.0526226e-01 -2.0526226e-01 4.3059664e-02
      vertex 1.0838638e-01 -1.6221167e-01 1.9214720e-02
    endloop
  endfacet
  facet normal -1.5484650e-01 1.8868101e-01 9.6975360e-01
    outer loop
      vertex 2.0526226e-01 -2.0526226e-01 4.3059664e-02
      vertex 1.3794969e-01 -1.3794969e-01 1.9214720e-02
      vertex 1.0838638e-01 -1.6221167e-01 1.9214720e-02
    endloop
  endfacet
  facet normal -1.8868101e-01 1.5484650e-01 9.6975360e-01
    outer loop
      vertex 2.0526226e-01 -2.0526226e-01 4.3059664e-02
      vertex 2.4136289e-01 -1.6127353e-01 4.3059664e-02
      vertex 1.3794969e-01 -1.3794969e-01 1.9214720e-02
    endloop
  endfacet
  facet normal -1.8868101e-01 1.5484650e-01 9.6975360e-01
    outer loop
      vertex 2.4136289e-01 -1.6127353e-01 4.3059664e-02
      vertex 1.6221167e-01 -1.0838638e-01 1.9214720e-02
      vertex 1.3794969e-01 -1.3794969e-01 1.9214720e-02
    endloop
  endfacet
  facet normal -2.1526461e-01 1.1506133e-01 9.6975360e-01
    outer loop
      vertex 2.4136289e-01 -1.6127353e-01 4.3059664e-02
      vertex 2.6818807e-01 -1.1108714e-01 4.3059664e-02
      vertex 1.6221167e-01 -1.0838638e-01 1.9214720e-02
    endloop
  endfacet
  facet normal -2.1526461e-01 1.1506133e-01 9.6975360e-01
    outer loop
      vertex 2.6818807e-01 -1.1108714e-01 4.3059664e-02
      vertex 1.8023996e-01 -7.4657834e-02 1.9214720e-02
      vertex 1.6221167e-01 -1.0838638e-01 1.9214720e-02
    endloop
  endfacet
  facet normal -2.3357571e-01 7.0854417e-02 9.6975360e-01
    outer loop
      vertex 2.6818807e-01 -1.1108714e-01 4.3059664e-02
      vertex 2.8470694e-01 -5.6631731e-02 4.3059664e-02
      vertex 1.8023996e-01 -7.4657834e-02 1.9214720e-02
    endloop
  endfacet
  facet normal -2.3357571e-01 7.0854417e-02 9.6975360e-01
    outer loop
      vertex 2.8470694e-01 -5.6631731e-02 4.3059664e-02
      vertex 1.9134172e-01 -3.8060234e-02 1.9214720e-02
      vertex 1.8023996e-01 -7.4657834e-02 1.9214720e-02
    endloop
  endfacet
  facet normal -2.4291063e-01 2.3924609e-02 9.6975360e-01
    outer loop
      vertex 2.8470694e-01 -5.6631731e-02 4.3059664e-02
      vertex 2.9028468e-01 0.0000000e+00 4.3059664e-02
      vertex 1.9134172e-01 -3.8060234e-02 1.9214720e-02
    endloop
  endfacet
  facet normal -2.4291063e-01 2.3924609e-02 9.6975360e-01
    outer loop
      vertex 2.9028468e-01 0.0000000e+00 4.3059664e-02
      vertex 1.9509032e-01 0.0000000e+00 1.9214720e-02
      vertex 1.9134172e-01 -3.8060234e-02 1.9214720e-02
    endloop
  endfacet
  facet normal -1.4671515e-01 -1.4450181e-02 9.8907323e-01
    outer loop
      vertex 1.9509032e-01 0.0000000e+00 1.9214720e-02
      vertex 1.9134172e-01 3.8060234e-02 1.9214720e-02
      vertex 9.8017140e-02 0.0000000e+00 4.8152733e-03
    endloop
  endfacet
  facet normal -1.4671515e-01 -1.4450181e-02 9.8907323e-01
    outer loop
      vertex 1.9134172e-01 3.8060234e-02 1.9214720e-02
      vertex 9.6133768e-02 1.9122195e-02 4.8152733e-03
      vertex 9.8017140e-02 0.0000000e+00 4.8152733e-03
    endloop
  endfacet
  facet normal -1.4107697e-01 -4.2795232e-02 9.8907323e-01
    outer loop
      vertex 1.9134172e-01 3.8060234e-02 1.9214720e-02
      vertex 1.8023996e-01 7.4657834e-02 1.9214720e-02
      vertex 9.6133768e-02 1.9122195e-02 4.8152733e-03
    endloop
  endfacet
  facet normal -1.4107697e-01 -4.2795232e-02 9.8907323e-01
    outer loop
      vertex 1.8023996e-01 7.4657834e-02 1.9214720e-02
      vertex 9.0556030e-02 3.7509536e-02 4.8152733e-03
      vertex 9.6133768e-02 1.9122195e-02 4.8152733e-03
    endloop
  endfacet
  facet normal -1.3001728e-01 -6.9495686e-02 9.8907323e-01
    outer loop
      vertex 1.8023996e-01 7.4657834e-02 1.9214720e-02
      vertex 1.6221167e-01 1.0838638e-01 1.9214720e-02
      vertex 9.0556030e-02 3.7509536e-02 4.8152733e-03
    endloop
  endfacet
  facet normal -1.3001728e-01 -6.9495686e-02 9.8907323e-01
    outer loop
      vertex 1.6221167e-01 1.0838638e-01 1.9214720e-02
      vertex 8.1498274e-02 5.4455405e-02 4.8152733e-03
      vertex 9.0556030e-02 3.7509536e-02 4.8152733e-03
    endloop
  endfacet
  facet normal -1.1396110e-01 -9.3525459e-02 9.8907323e-01
    outer loop
      vertex 1.6221167e-01 1.0838638e-01 1.9214720e-02
      vertex 1.3794969e-01 1.3794969e-01 1.9214720e-02
      vertex 8.1498274e-02 5.4455405e-02 4.8152733e-03
    endloop
  endfacet
  facet normal -1.1396110e-01 -9.3525459e-02 9.8907323e-01
    outer loop
      vertex 1.3794969e-01 1.3794969e-01 1.9214720e-02
      vertex 6.9308585e-02 6.9308585e-02 4.8152733e-03
      vertex 8.1498274e-02 5.4455405e-02 4.8152733e-03
    endloop
  endfacet
  facet normal -9.3525459e-02 -1.1396110e-01 9.8907323e-01
    outer loop
      vertex 1.3794969e-01 1.3794969e-01 1.9214720e-02
      vertex 1.0838638e-01 1.6221167e-01 1.9214720e-02
      vertex 6.9308585e-02 6.9308585e-02 4.8152733e-03
    endloop
  endfacet
  facet normal -9.3525459e-02 -1.1396110e-01 9.8907323e-01
    outer loop
      vertex 1.0838638e-01 1.6221167e-01 1.9214720e-02
      vertex 5.4455405e-02 8.1498274e-02 4.8152733e-03
      vertex 6.9308585e-02 6.9308585e-02 4.8152733e-03
    endloop
  endfacet
  facet normal -6.9495686e-02 -1.3001728e-01 9.8907323e-01
    outer loop
      vertex 1.0838638e-01 1.6221167e-01 1.9214720e-02
      vertex 7.4657834e-02 1.8023996e-01 1.9214720e-02
      vertex 5.4455405e-02 8.1498274e-02 4.8152733e-03
    endloop
  endfacet
  facet normal -6.9495686e-02 -1.3001728e-01 9.8907323e-01
    outer loop
      vertex 7.4657834e-02 1.8023996e-01 1.9214720e-02
      vertex 3.7509536e-02 9.0556030e-02 4.8152733e-03
      vertex 5.4455405e-02 8.1498274e-02 4.8152733e-03
    endloop
  endfacet
  facet normal -4.2795232e-02 -1.4107697e-01 9.8907323e-01
    outer loop
      vertex 7.4657834e-02 1.8023996e-01 1.9214720e-02
      vertex 3.8060234e-02 1.9134172e-01 1.9214720e-02
      vertex 3.7509536e-02 9.0556030e-02 4.8152733e-03
    endloop
  endfacet
  facet normal -4.2795232e-02 -1.4107697e-01 9.8907323e-01
    outer loop
      vertex 3.8060234e-02 1.9134172e-01 1.9214720e-02
      vertex 1.9122195e-02 9.6133768e-02 4.8152733e-03
      vertex 3.7509536e-02 9.0556030e-02 4.8152733e-03
    endloop
  endfacet
  facet normal -1.4450181e-02 -1.4671515e-01 9.8907323e-01
    outer loop
      vertex 3.8060234e-02 1.9134172e-01 1.9214720e-02
      vertex 1.1945837e-17 1.9509032e-01 1.9214720e-02
      vertex 1.9122195e-02 9.6133768e-02 4.8152733e-03
    endloop
  endfacet
  facet normal -1.4450181e-02 -1.4671515e-01 9.8907323e-01
    outer loop
      vertex 1.1945837e-17 1.9509032e-01 1.9214720e-02
      vertex 6.0018189e-18 9.8017140e-02 4.8152733e-03
      vertex 1.9122195e-02 9.6133768e-02 4.8152733e-03
    endloop
  endfacet
  facet normal 1.4450181e-02 -1.4671515e-01 9.8907323e-01
    outer loop
      vertex 1.1945837e-17 1.9509032e-01 1.9214720e-02
      vertex -3.8060234e-02 1.9134172e-01 1.9214720e-02
      vertex 6.0018189e-18 9.8017140e-02 4.8152733e-03
    endloop
  endfacet
  facet normal 1.4450181e-02 -1.4671515e-01 9.8907323e-01
    outer loop
      vertex -3.8060234e-02 1.9134172e-01 1.9214720e-02
      vertex -1.9122195e-02 9.6133768e-02 4.8152733e-03
      vertex 6.0018189e-18 9.8017140e-02 4.8152733e-03
    endloop
  endfacet
  facet normal 4.2795232e-02 -1.4107697e-01 9.8907323e-01
    outer loop
      vertex -3.8060234e-02 1.9134172e-01 1.9214720e-02
      vertex -7.4657834e-02 1.8023996e-01 1.9214720e-02
      vertex -1.9122195e-02 9.6133768e-02 4.8152733e-03
    endloop
  endfacet
  facet normal 4.2795232e-02 -1.4107697e-01 9.8907323e-01
    outer loop
      vertex -7.4657834e-02 1.8023996e-01 1.9214720e-02
      vertex -3.7509536e-02 9.0556030e-02 4.8152733e-03
      vertex -1.9122195e-02 9.6133768e-02 4.8152733e-03
    endloop
  endfacet
  facet normal 6.9495686e-02 -1.3001728e-01 9.8907323e-01
    outer loop
      vertex -7.4657834e-02 1.8023996e-01 1.9214720e-02
      vertex -1.0838638e-01 1.6221167e-01 1.9214720e-02
      vertex -3.7509536e-02 9.0556030e-02 4.8152733e-03
    endloop
  endfacet
  facet normal 6.9495686e-02 -1.3001728e-01 9.8907323e-01
    outer loop
      vertex -1.0838638e-01 1.6221167e-01 1.9214720e-02
      vertex -5.4455405e-02 8.1498274e-02 4.8152733e-03
      vertex -3.7509536e-02 9.0556030e-02 4.8152733e-03
    endloop
  endfacet
  facet normal 9.3525459e-02 -1.1396110e-01 9.8907323e-01
    outer loop
      vertex -1.0838638e-01 1.6221167e-01 1.9214720e-02
      vertex -1.3794969e-01 1.3794969e-01 1.9214720e-02
      vertex -5.4455405e-02 8.1498274e-02 4.8152733e-03
    endloop
  endfacet
  facet normal 9.3525459e-02 -1.1396110e-01 9.8907323e-01
    outer loop
      vertex -1.3794969e-01 1.3794969e-01 1.9214720e-02
      vertex -6.9308585e-02 6.9308585e-02 4.8152733e-03
      vertex -5.4455405e-02 8.1498274e-02 4.8152733e-03
    endloop
  endfacet
  facet normal 1.1396110e-01 -9.3525459e-02 9.8907323e-01
    outer loop
      vertex -1.3794969e-01 1.3794969e-01 1.9214720e-02
      vertex -1.6221167e-01 1.0838638e-01 1.9214720e-02
      vertex -6.9308585e-02 6.9308585e-02 4.8152733e-03
    endloop
  endfacet
  facet normal 1.1396110e-01 -9.3525459e-02 9.8907323e-01
    outer loop
      vertex -1.6221167e-01 1.0838638e-01 1.9214720e-02
      vertex -8.1498274e-02 5.4455405e-02 4.8152733e-03
      vertex -6.9308585e-02 6.9308585e-02 4.8152733e-03
    endloop
  endfacet
  facet normal 1.3001728e-01 -6.9495686e-02 9.8907323e-01
    outer loop
      vertex -1.6221167e-01 1.0838638e-01 1.9214720e-02
      vertex -1.8023996e-01 7.4657834e-02 1.9214720e-02
      vertex -8.1498274e-02 5.4455405e-02 4.8152733e-03
    endloop
  endfacet
  facet normal 1.3001728e-01 -6.9495686e-02 9.8907323e-01
    outer loop
      vertex -1.8023996e-01 7.4657834e-02 1.9214720e-02
      vertex -9.0556030e-02 3.7509536e-02 4.8152733e-03
      vertex -8.1498274e-02 5.4455405e-02 4.8152733e-03
    endloop
  endfacet
  facet normal 1.4107697e-01 -4.2795232e-02 9.8907323e-01
    outer loop
      vertex -1.8023996e-01 7.4657834e-02 1.9214720e-02
      vertex -1.9134172e-01 3.8060234e-02 1.9214720e-02
      vertex -9.0556030e-02 3.7509536e-02 4.8152733e-03
    endloop
  endfacet
  facet normal 1.4107697e-01 -4.2795232e-02 9.8907323e-01
    outer loop
      vertex -1.9134172e-01 3.8060234e-02 1.9214720e-02
      vertex -9.6133768e-02 1.9122195e-02 4.8152733e-03
      vertex -9.0556030e-02 3.7509536e-02 4.8152733e-03
    endloop
  endfacet
  facet normal 1.4671515e-01 -1.4450181e-02 9.8907323e-01
    outer loop
      vertex -1.9134172e-01 3.8060234e-02 1.9214720e-02
      vertex -1.9509032e-01 2.3891674e-17 1.9214720e-02
      vertex -9.6133768e-02 1.9122195e-02 4.8152733e-03
    endloop
  endfacet
  facet normal 1.4671515e-01 -1.4450181e-02 9.8907323e-01
    outer loop
      vertex -1.9509032e-01 2.3891674e-17 1.9214720e-02
      vertex -9.8017140e-02 1.2003638e-17 4.8152733e-03
      vertex -9.6133768e-02 1.9122195e-02 4.8152733e-03
    endloop
  endfacet
  facet normal 1.4671515e-01 1.4450181e-02 9.8907323e-01
    outer loop
      vertex -1.9509032e-01 2.3891674e-17 1.9214720e-02
      vertex -1.9134172e-01 -3.8060234e-02 1.9214720e-02
      vertex -9.8017140e-02 1.2003638e-17 4.8152733e-03
    endloop
  endfacet
  facet normal 1.4671515e-01 1.4450181e-02 9.8907323e-01
    outer loop
      vertex -1.9134172e-01 -3.8060234e-02 1.9214720e-02
      vertex -9.6133768e-02 -1.9122195e-02 4.8152733e-03
      vertex -9.8017140e-02 1.2003638e-17 4.8152733e-03
    endloop
  endfacet
  facet normal 1.4107697e-01 4.2795232e-02 9.8907323e-01
    outer loop
      vertex -1.9134172e-01 -3.8060234e-02 1.9214720e-02
      vertex -1.8023996e-01 -7.4657834e-02 1.9214720e-02
      vertex -9.6133768e-02 -1.9122195e-02 4.8152733e-03
    endloop
  endfacet
  facet normal 1.4107697e-01 4.2795232e-02 9.8907323e-01
    outer loop
      vertex -1.8023996e-01 -7.4657834e-02 1.9214720e-02
      vertex -9.0556030e-02 -3.7509536e-02 4.8152733e-03
      vertex -9.6133768e-02 -1.9122195e-02 4.8152733e-03
    endloop
  endfacet
  facet normal 1.3001728e-01 6.9495686e-02 9.8907323e-01
    outer loop
      vertex -1.8023996e-01 -7.4657834e-02 1.9214720e-02
      vertex -1.6221167e-01 -1.0838638e-01 1.9214720e-02
      vertex -9.0556030e-02 -3.7509536e-02 4.8152733e-03
    endloop
  endfacet
  facet normal 1.3001728e-01 6.9495686e-02 9.8907323e-01
    outer loop
      vertex -1.6221167e-01 -1.0838638e-01 1.9214720e-02
      vertex -8.1498274e-02 -5.4455405e-02 4.8152733e-03
      vertex -9.0556030e-02 -3.7509536e-02 4.8152733e-03
    endloop
  endfacet
  facet normal 1.1396110e-01 9.3525459e-02 9.8907323e-01
    outer loop
      vertex -1.6221167e-01 -1.0838638e-01 1.9214720e-02
      vertex -1.3794969e-01 -1.3794969e-01 1.9214720e-02
      vertex -8.1498274e-02 -5.4455405e-02 4.8152733e-03
    endloop
  endfacet
  facet normal 1.1396110e-01 9.3525459e-02 9.8907323e-01
    outer loop
      vertex -1.3794969e-01 -1.3794969e-01 1.9214720e-02
      vertex -6.9308585e-02 -6.9308585e-02 4.8152733e-03
      vertex -8.1498274e-02 -5.4455405e-02 4.8152733e-03
    endloop
  endfacet
  facet normal 9.3525459e-02 1.1396110e-01 9.8907323e-01
    outer loop
      vertex -1.3794969e-01 -1.3794969e-01 1.9214720e-02
      vertex -1.0838638e-01 -1.6221167e-01 1.9214720e-02
      vertex -6.9308585e-02 -6.9308585e-02 4.8152733e-03
    endloop
  endfacet
  facet normal 9.3525459e-02 1.1396110e-01 9.8907323e-01
    outer loop
      vertex -1.0838638e-01 -1.6221167e-01 1.9214720e-02
      vertex -5.4455405e-02 -8.1498274e-02 4.8152733e-03
      vertex -6.9308585e-02 -6.9308585e-02 4.8152733e-03
    endloop
  endfacet
  facet normal 6.9495686e-02 1.3001728e-01 9.8907323e-01
    outer loop
      vertex -1.0838638e-01 -1.6221167e-01 1.9214720e-02
      vertex -7.4657834e-02 -1.8023996e-01 1.9214720e-02
      vertex -5.4455405e-02 -8.1498274e-02 4.8152733e-03
    endloop
  endfacet
  facet normal 6.9495686e-02 1.3001728e-01 9.8907323e-01
    outer loop
      vertex -7.4657834e-02 -1.8023996e-01 1.9214720e-02
      vertex -3.7509536e-02 -9.0556030e-02 4.8152733e-03
      vertex -5.4455405e-02 -8.1498274e-02 4.8152733e-03
    endloop
  endfacet
  facet normal 4.2795232e-02 1.4107697e-01 9.8907323e-01
    outer loop
      vertex -7.4657834e-02 -1.8023996e-01 1.9214720e-02
      vertex -3.8060234e-02 -1.9134172e-01 1.9214720e-02
      vertex -3.7509536e-02 -9.0556030e-02 4.8152733e-03
    endloop
  endfacet
  facet normal 4.2795232e-02 1.4107697e-01 9.8907323e-01
    outer loop
      vertex -3.8060234e-02 -1.9134172e-01 1.9214720e-02
      vertex -1.9122195e-02 -9.6133768e-02 4.8152733e-03
      vertex -3.7509536e-02 -9.0556030e-02 4.8152733e-03
    endloop
  endfacet
  facet normal 1.4450181e-02 1.4671515e-01 9.8907323e-01
    outer loop
      vertex -3.8060234e-02 -1.9134172e-01 1.9214720e-02
      vertex -3.5837511e-17 -1.9509032e-01 1.9214720e-02
      vertex -1.9122195e-02 -9.6133768e-02 4.8152733e-03
    endloop
  endfacet
  facet normal 1.4450181e-02 1.4671515e-01 9.8907323e-01
    outer loop
      vertex -3.5837511e-17 -1.9509032e-01 1.9214720e-02
      vertex -1.8005457e-17 -9.8017140e-02 4.8152733e-03
      vertex -1.9122195e-02 -9.6133768e-02 4.8152733e-03
    endloop
  endfacet
  facet normal -1.4450181e-02 1.4671515e-01 9.8907323e-01
    outer loop
      vertex -3.5837511e-17 -1.9509032e-01 1.9214720e-02
      vertex 3.8060234e-02 -1.9134172e-01 1.9214720e-02
      vertex -1.8005457e-17 -9.8017140e-02 4.8152733e-03
    endloop
  endfacet
  facet normal -1.4450181e-02 1.4671515e-01 9.8907323e-01
    outer loop
      vertex 3.8060234e-02 -1.9134172e-01 1.9214720e-02
      vertex 1.9122195e-02 -9.6133768e-02 4.8152733e-03
      vertex -1.8005457e-17 -9.8017140e-02 4.8152733e-03
    endloop
  endfacet
  facet normal -4.2795232e-02 1.4107697e-01 9.8907323e-01
    outer loop
      vertex 3.8060234e-02 -1.9134172e-01 1.9214720e-02
      vertex 7.4657834e-02 -1.8023996e-01 1.9214720e-02
      vertex 1.9122195e-02 -9.6133768e-02 4.8152733e-03
    endloop
  endfacet
  facet normal -4.2795232e-02 1.4107697e-01 9.8907323e-01
    outer loop
      vertex 7.4657834e-02 -1.8023996e-01 1.9214720e-02
      vertex 3.7509536e-02 -9.0556030e-02 4.8152733e-03
      vertex 1.9122195e-02 -9.6133768e-02 4.8152733e-03
    endloop
  endfacet
  facet normal -6.9495686e-02 1.3001728e-01 9.8907323e-01
    outer loop
      vertex 7.4657834e-02 -1.8023996e-01 1.9214720e-02
      vertex 1.0838638e-01 -1.6221167e-01 1.9214720e-02
      vertex 3.7509536e-02 -9.0556030e-02 4.8152733e-03
    endloop
  endfacet
  facet normal -6.9495686e-02 1.3001728e-01 9.8907323e-01
    outer loop
      vertex 1.0838638e-01 -1.6221167e-01 1.9214720e-02
      vertex 5.4455405e-02 -8.1498274e-02 4.8152733e-03
      vertex 3.7509536e-02 -9.0556030e-02 4.8152733e-03
    endloop
  endfacet
  facet normal -9.3525459e-02 1.1396110e-01 9.8907323e-01
    outer loop
      vertex 1.0838638e-01 -1.6221167e-01 1.9214720e-02
      vertex 1.3794969e-01 -1.3794969e-01 1.9214720e-02
      vertex 5.4455405e-02 -8.1498274e-02 4.8152733e-03
    endloop
  endfacet
  facet normal -9.3525459e-02 1.1396110e-01 9.8907323e-01
    outer loop
      vertex 1.3794969e-01 -1.3794969e-01 1.9214720e-02
      vertex 6.9308585e-02 -6.9308585e-02 4.8152733e-03
      vertex 5.4455405e-02 -8.1498274e-02 4.8152733e-03
    endloop
  endfacet
  facet normal -1.1396110e-01 9.3525459e-02 9.8907323e-01
    outer loop
      vertex 1.3794969e-01 -1.3794969e-01 1.9214720e-02
      vertex 1.6221167e-01 -1.0838638e-01 1.9214720e-02
      vertex 6.9308585e-02 -6.9308585e-02 4.8152733e-03
    endloop
  endfacet
  facet normal -1.1396110e-01 9.3525459e-02 9.8907323e-01
    outer loop
      vertex 1.6221167e-01 -1.0838638e-01 1.9214720e-02
      vertex 8.1498274e-02 -5.4455405e-02 4.8152733e-03
      vertex 6.9308585e-02 -6.9308585e-02 4.8152733e-03
    endloop
  endfacet
  facet normal -1.3001728e-01 6.9495686e-02 9.8907323e-01
    outer loop
      vertex 1.6221167e-01 -1.0838638e-01 1.9214720e-02
      vertex 1.8023996e-01 -7.4657834e-02 1.9214720e-02
      vertex 8.1498274e-02 -5.4455405e-02 4.8152733e-03
    endloop
  endfacet
  facet normal -1.3001728e-01 6.9495686e-02 9.8907323e-01
    outer loop
      vertex 1.8023996e-01 -7.4657834e-02 1.9214720e-02
      vertex 9.0556030e-02 -3.7509536e-02 4.8152733e-03
      vertex 8.1498274e-02 -5.4455405e-02 4.8152733e-03
    endloop
  endfacet
  facet normal -1.4107697e-01 4.2795232e-02 9.8907323e-01
    outer loop
      vertex 1.8023996e-01 -7.4657834e-02 1.9214720e-02
      vertex 1.9134172e-01 -3.8060234e-02 1.9214720e-02
      vertex 9.0556030e-02 -3.7509536e-02 4.8152733e-03
    endloop
  endfacet
  facet normal -1.4107697e-01 4.2795232e-02 9.8907323e-01
    outer loop
      vertex 1.9134172e-01 -3.8060234e-02 1.9214720e-02
      vertex 9.6133768e-02 -1.9122195e-02 4.8152733e-03
      vertex 9.0556030e-02 -3.7509536e-02 4.8152733e-03
    endloop
  endfacet
  facet normal -1.4671515e-01 1.4450181e-02 9.8907323e-01
    outer loop
      vertex 1.9134172e-01 -3.8060234e-02 1.9214720e-02
      vertex 1.9509032e-01 0.0000000e+00 1.9214720e-02
      vertex 9.6133768e-02 -1.9122195e-02 4.8152733e-03
    endloop
  endfacet
  facet normal -1.4671515e-01 1.4450181e-02 9.8907323e-01
    outer loop
      vertex 1.9509032e-01 0.0000000e+00 1.9214720e-02
      vertex 9.8017140e-02 0.0000000e+00 4.8152733e-03
      vertex 9.6133768e-02 -1.9122195e-02 4.8152733e-03
    endloop
  endfacet
  facet normal -4.9067101e-02 -4.8326877e-03 9.9878379e-01
    outer loop
      vertex 9.8017140e-02 0.0000000e+00 4.8152733e-03
      vertex 9.6133768e-02 1.9122195e-02 4.8152733e-03
      vertex 6.1232340e-17 0.0000000e+00 0.0000000e+00
    endloop
  endfacet
  facet normal -4.9937617e-02 0.0000000e+00 9.9875234e-01
    outer loop
      vertex 9.6133768e-02 1.9122195e-02 4.8152733e-03
      vertex 6.0055778e-17 1.1945837e-17 0.0000000e+00
      vertex 6.1232340e-17 0.0000000e+00 0.0000000e+00
    endloop
  endfacet
  facet normal -4.7181480e-02 -1.4312346e-02 9.9878379e-01
    outer loop
      vertex 9.6133768e-02 1.9122195e-02 4.8152733e-03
      vertex 9.0556030e-02 3.7509536e-02 4.8152733e-03
      vertex 6.0055778e-17 1.1945837e-17 0.0000000e+00
    endloop
  endfacet
  facet normal -3.1234752e-02 0.0000000e+00 9.9951208e-01
    outer loop
      vertex 9.0556030e-02 3.7509536e-02 4.8152733e-03
      vertex 5.6571306e-17 2.3432602e-17 0.0000000e+00
      vertex 6.0055778e-17 1.1945837e-17 0.0000000e+00
    endloop
  endfacet
  facet normal -4.3482701e-02 -2.3241988e-02 9.9878379e-01
    outer loop
      vertex 9.0556030e-02 3.7509536e-02 4.8152733e-03
      vertex 8.1498274e-02 5.4455405e-02 4.8152733e-03
      vertex 5.6571306e-17 2.3432602e-17 0.0000000e+00
    endloop
  endfacet
  facet normal -6.2378286e-02 0.0000000e+00 9.9805258e-01
    outer loop
      vertex 8.1498274e-02 5.4455405e-02 4.8152733e-03
      vertex 5.0912830e-17 3.4018865e-17 0.0000000e+00
      vertex 5.6571306e-17 2.3432602e-17 0.0000000e+00
    endloop
  endfacet
  facet normal -3.8112906e-02 -3.1278454e-02 9.9878379e-01
    outer loop
      vertex 8.1498274e-02 5.4455405e-02 4.8152733e-03
      vertex 6.9308585e-02 6.9308585e-02 4.8152733e-03
      vertex 5.0912830e-17 3.4018865e-17 0.0000000e+00
    endloop
  endfacet
  facet normal -3.1173984e-02 -6.2347969e-02 9.9756750e-01
    outer loop
      vertex 6.9308585e-02 6.9308585e-02 4.8152733e-03
      vertex 4.3297803e-17 4.3297803e-17 0.0000000e+00
      vertex 5.0912830e-17 3.4018865e-17 0.0000000e+00
    endloop
  endfacet
  facet normal -3.1278454e-02 -3.8112906e-02 9.9878379e-01
    outer loop
      vertex 6.9308585e-02 6.9308585e-02 4.8152733e-03
      vertex 5.4455405e-02 8.1498274e-02 4.8152733e-03
      vertex 4.3297803e-17 4.3297803e-17 0.0000000e+00
    endloop
  endfacet
  facet normal -6.2257281e-02 -6.2257281e-02 9.9611649e-01
    outer loop
      vertex 5.4455405e-02 8.1498274e-02 4.8152733e-03
      vertex 3.4018865e-17 5.0912830e-17 0.0000000e+00
      vertex 4.3297803e-17 4.3297803e-17 0.0000000e+00
    endloop
  endfacet
  facet normal -2.3241988e-02 -4.3482701e-02 9.9878379e-01
    outer loop
      vertex 5.4455405e-02 8.1498274e-02 4.8152733e-03
      vertex 3.7509536e-02 9.0556030e-02 4.8152733e-03
      vertex 3.4018865e-17 5.0912830e-17 0.0000000e+00
    endloop
  endfacet
  facet normal 0.0000000e+00 -4.1630545e-02 9.9913307e-01
    outer loop
      vertex 3.7509536e-02 9.0556030e-02 4.8152733e-03
      vertex 2.3432602e-17 5.6571306e-17 0.0000000e+00
      vertex 3.4018865e-17 5.0912830e-17 0.0000000e+00
    endloop
  endfacet
  facet normal -1.4312346e-02 -4.7181480e-02 9.9878379e-01
    outer loop
      vertex 3.7509536e-02 9.0556030e-02 4.8152733e-03
      vertex 1.9122195e-02 9.6133768e-02 4.8152733e-03
      vertex 2.3432602e-17 5.6571306e-17 0.0000000e+00
    endloop
  endfacet
  facet normal 0.0000000e+00 -5.2012834e-02 9.9864642e-01
    outer loop
      vertex 1.9122195e-02 9.6133768e-02 4.8152733e-03
      vertex 1.1945837e-17 6.0055778e-17 0.0000000e+00
      vertex 2.3432602e-17 5.6571306e-17 0.0000000e+00
    endloop
  endfacet
  facet normal -4.8326877e-03 -4.9067101e-02 9.9878379e-01
    outer loop
      vertex 1.9122195e-02 9.6133768e-02 4.8152733e-03
      vertex 6.0018189e-18 9.8017140e-02 4.8152733e-03
      vertex 1.1945837e-17 6.0055778e-17 0.0000000e+00
    endloop
  endfacet
  facet normal 0.0000000e+00 -4.9067674e-02 9.9879546e-01
    outer loop
      vertex 6.0018189e-18 9.8017140e-02 4.8152733e-03
      vertex 3.7493995e-33 6.1232340e-17 0.0000000e+00
      vertex 1.1945837e-17 6.0055778e-17 0.0000000e+00
    endloop
  endfacet
  facet normal 4.8326877e-03 -4.9067101e-02 9.9878379e-01
    outer loop
      vertex 6.0018189e-18 9.8017140e-02 4.8152733e-03
      vertex -1.9122195e-02 9.6133768e-02 4.8152733e-03
      vertex 3.7493995e-33 6.1232340e-17 0.0000000e+00
    endloop
  endfacet
  facet normal 0.0000000e+00 -4.9937617e-02 9.9875234e-01
    outer loop
      vertex -1.9122195e-02 9.6133768e-02 4.8152733e-03
      vertex -1.1945837e-17 6.0055778e-17 0.0000000e+00
      vertex 3.7493995e-33 6.1232340e-17 0.0000000e+00
    endloop
  endfacet
  facet normal 1.4312346e-02 -4.7181480e-02 9.9878379e-01
    outer loop
      vertex -1.9122195e-02 9.6133768e-02 4.8152733e-03
      vertex -3.7509536e-02 9.0556030e-02 4.8152733e-03
      vertex -1.1945837e-17 6.0055778e-17 0.0000000e+00
    endloop
  endfacet
  facet normal 0.0000000e+00 -6.2378286e-02 9.9805258e-01
    outer loop
      vertex -3.7509536e-02 9.0556030e-02 4.8152733e-03
      vertex -2.3432602e-17 5.6571306e-17 0.0000000e+00
      vertex -1.1945837e-17 6.0055778e-17 0.0000000e+00
    endloop
  endfacet
  facet normal 2.3241988e-02 -4.3482701e-02 9.9878379e-01
    outer loop
      vertex -3.7509536e-02 9.0556030e-02 4.8152733e-03
      vertex -5.4455405e-02 8.1498274e-02 4.8152733e-03
      vertex -2.3432602e-17 5.6571306e-17 0.0000000e+00
    endloop
  endfacet
  facet normal 0.0000000e+00 -3.1234752e-02 9.9951208e-01
    outer loop
      vertex -5.4455405e-02 8.1498274e-02 4.8152733e-03
      vertex -3.4018865e-17 5.0912830e-17 0.0000000e+00
      vertex -2.3432602e-17 5.6571306e-17 0.0000000e+00
    endloop
  endfacet
  facet normal 3.1278454e-02 -3.8112906e-02 9.9878379e-01
    outer loop
      vertex -5.4455405e-02 8.1498274e-02 4.8152733e-03
      vertex -6.9308585e-02 6.9308585e-02 4.8152733e-03
      vertex -3.4018865e-17 5.0912830e-17 0.0000000e+00
    endloop
  endfacet
  facet normal 6.2347969e-02 -3.1173984e-02 9.9756750e-01
    outer loop
      vertex -6.9308585e-02 6.9308585e-02 4.8152733e-03
      vertex -4.3297803e-17 4.3297803e-17 0.0000000e+00
      vertex -3.4018865e-17 5.0912830e-17 0.0000000e+00
    endloop
  endfacet
  facet normal 3.8112906e-02 -3.1278454e-02 9.9878379e-01
    outer loop
      vertex -6.9308585e-02 6.9308585e-02 4.8152733e-03
      vertex -8.1498274e-02 5.4455405e-02 4.8152733e-03
      vertex -4.3297803e-17 4.3297803e-17 0.0000000e+00
    endloop
  endfacet
  facet normal 6.2257281e-02 -6.2257281e-02 9.9611649e-01
    outer loop
      vertex -8.1498274e-02 5.4455405e-02 4.8152733e-03
      vertex -5.0912830e-17 3.4018865e-17 0.0000000e+00
      vertex -4.3297803e-17 4.3297803e-17 0.0000000e+00
    endloop
  endfacet
  facet normal 4.3482701e-02 -2.3241988e-02 9.9878379e-01
    outer loop
      vertex -8.1498274e-02 5.4455405e-02 4.8152733e-03
      vertex -9.0556030e-02 3.7509536e-02 4.8152733e-03
      vertex -5.0912830e-17 3.4018865e-17 0.0000000e+00
    endloop
  endfacet
  facet normal 4.1630545e-02 0.0000000e+00 9.9913307e-01
    outer loop
      vertex -9.0556030e-02 3.7509536e-02 4.8152733e-03
      vertex -5.6571306e-17 2.3432602e-17 0.0000000e+00
      vertex -5.0912830e-17 3.4018865e-17 0.0000000e+00
    endloop
  endfacet
  facet normal 4.7181480e-02 -1.4312346e-02 9.9878379e-01
    outer loop
      vertex -9.0556030e-02 3.7509536e-02 4.8152733e-03
      vertex -9.6133768e-02 1.9122195e-02 4.8152733e-03
      vertex -5.6571306e-17 2.3432602e-17 0.0000000e+00
    endloop
  endfacet
  facet normal 5.2012834e-02 0.0000000e+00 9.9864642e-01
    outer loop
      vertex -9.6133768e-02 1.9122195e-02 4.8152733e-03
      vertex -6.0055778e-17 1.1945837e-17 0.0000000e+00
      vertex -5.6571306e-17 2.3432602e-17 0.0000000e+00
    endloop
  endfacet
  facet normal 4.9067101e-02 -4.8326877e-03 9.9878379e-01
    outer loop
      vertex -9.6133768e-02 1.9122195e-02 4.8152733e-03
      vertex -9.8017140e-02 1.2003638e-17 4.8152733e-03
      vertex -6.0055778e-17 1.1945837e-17 0.0000000e+00
    endloop
  endfacet
  facet normal 4.9067674e-02 0.0000000e+00 9.9879546e-01
    outer loop
      vertex -9.8017140e-02 1.2003638e-17 4.8152733e-03
      vertex -6.1232340e-17 7.4987989e-33 0.0000000e+00
      vertex -6.0055778e-17 1.1945837e-17 0.0000000e+00
    endloop
  endfacet
  facet normal 4.9067101e-02 4.8326877e-03 9.9878379e-01
    outer loop
      vertex -9.8017140e-02 1.2003638e-17 4.8152733e-03
      vertex -9.6133768e-02 -1.9122195e-02 4.8152733e-03
      vertex -6.1232340e-17 7.4987989e-33 0.0000000e+00
    endloop
  endfacet
  facet normal 3.7473661e-02 0.0000000e+00 9.9929762e-01
    outer loop
      vertex -9.6133768e-02 -1.9122195e-02 4.8152733e-03
      vertex -6.0055778e-17 -1.1945837e-17 0.0000000e+00
      vertex -6.1232340e-17 7.4987989e-33 0.0000000e+00
    endloop
  endfacet
  facet normal 4.7181480e-02 1.4312346e-02 9.9878379e-01
    outer loop
      vertex -9.6133768e-02 -1.9122195e-02 4.8152733e-03
      vertex -9.0556030e-02 -3.7509536e-02 4.8152733e-03
      vertex -6.0055778e-17 -1.1945837e-17 0.0000000e+00
    endloop
  endfacet
  facet normal 6.2378286e-02 0.0000000e+00 9.9805258e-01
    outer loop
      vertex -9.0556030e-02 -3.7509536e-02 4.8152733e-03
      vertex -5.6571306e-17 -2.3432602e-17 0.0000000e+00
      vertex -6.0055778e-17 -1.1945837e-17 0.0000000e+00
    endloop
  endfacet
  facet normal 4.3482701e-02 2.3241988e-02 9.9878379e-01
    outer loop
      vertex -9.0556030e-02 -3.7509536e-02 4.8152733e-03
      vertex -8.1498274e-02 -5.4455405e-02 4.8152733e-03
      vertex -5.6571306e-17 -2.3432602e-17 0.0000000e+00
    endloop
  endfacet
  facet normal 3.1234752e-02 0.0000000e+00 9.9951208e-01
    outer loop
      vertex -8.1498274e-02 -5.4455405e-02 4.8152733e-03
      vertex -5.0912830e-17 -3.4018865e-17 0.0000000e+00
      vertex -5.6571306e-17 -2.3432602e-17 0.0000000e+00
    endloop
  endfacet
  facet normal 3.8112906e-02 3.1278454e-02 9.9878379e-01
    outer loop
      vertex -8.1498274e-02 -5.4455405e-02 4.8152733e-03
      vertex -6.9308585e-02 -6.9308585e-02 4.8152733e-03
      vertex -5.0912830e-17 -3.4018865e-17 0.0000000e+00
    endloop
  endfacet
  facet normal 3.1219527e-02 3.1219527e-02 9.9902487e-01
    outer loop
      vertex -6.9308585e-02 -6.9308585e-02 4.8152733e-03
      vertex -4.3297803e-17 -4.3297803e-17 0.0000000e+00
      vertex -5.0912830e-17 -3.4018865e-17 0.0000000e+00
    endloop
  endfacet
  facet normal 3.1278454e-02 3.8112906e-02 9.9878379e-01
    outer loop
      vertex -6.9308585e-02 -6.9308585e-02 4.8152733e-03
      vertex -5.4455405e-02 -8.1498274e-02 4.8152733e-03
      vertex -4.3297803e-17 -4.3297803e-17 0.0000000e+00
    endloop
  endfacet
  facet normal 6.2257281e-02 6.2257281e-02 9.9611649e-01
    outer loop
      vertex -5.4455405e-02 -8.1498274e-02 4.8152733e-03
      vertex -3.4018865e-17 -5.0912830e-17 0.0000000e+00
      vertex -4.3297803e-17 -4.3297803e-17 0.0000000e+00
    endloop
  endfacet
  facet normal 2.3241988e-02 4.3482701e-02 9.9878379e-01
    outer loop
      vertex -5.4455405e-02 -8.1498274e-02 4.8152733e-03
      vertex -3.7509536e-02 -9.0556030e-02 4.8152733e-03
      vertex -3.4018865e-17 -5.0912830e-17 0.0000000e+00
    endloop
  endfacet
  facet normal 0.0000000e+00 9.3340709e-02 9.9563423e-01
    outer loop
      vertex -3.7509536e-02 -9.0556030e-02 4.8152733e-03
      vertex -2.3432602e-17 -5.6571306e-17 0.0000000e+00
      vertex -3.4018865e-17 -5.0912830e-17 0.0000000e+00
    endloop
  endfacet
  facet normal 1.4312346e-02 4.7181480e-02 9.9878379e-01
    outer loop
      vertex -3.7509536e-02 -9.0556030e-02 4.8152733e-03
      vertex -1.9122195e-02 -9.6133768e-02 4.8152733e-03
      vertex -2.3432602e-17 -5.6571306e-17 0.0000000e+00
    endloop
  endfacet
  facet normal 0.0000000e+00 4.4598437e-02 9.9900499e-01
    outer loop
      vertex -1.9122195e-02 -9.6133768e-02 4.8152733e-03
      vertex -1.1945837e-17 -6.0055778e-17 0.0000000e+00
      vertex -2.3432602e-17 -5.6571306e-17 0.0000000e+00
    endloop
  endfacet
  facet normal 4.8326877e-03 4.9067101e-02 9.9878379e-01
    outer loop
      vertex -1.9122195e-02 -9.6133768e-02 4.8152733e-03
      vertex -1.8005457e-17 -9.8017140e-02 4.8152733e-03
      vertex -1.1945837e-17 -6.0055778e-17 0.0000000e+00
    endloop
  endfacet
  facet normal 0.0000000e+00 4.9067674e-02 9.9879546e-01
    outer loop
      vertex -1.8005457e-17 -9.8017140e-02 4.8152733e-03
      vertex -1.1248198e-32 -6.1232340e-17 0.0000000e+00
      vertex -1.1945837e-17 -6.0055778e-17 0.0000000e+00
    endloop
  endfacet
  facet normal -4.8326877e-03 4.9067101e-02 9.9878379e-01
    outer loop
      vertex -1.8005457e-17 -9.8017140e-02 4.8152733e-03
      vertex 1.9122195e-02 -9.6133768e-02 4.8152733e-03
      vertex -1.1248198e-32 -6.1232340e-17 0.0000000e+00
    endloop
  endfacet
  facet normal 0.0000000e+00 4.9937617e-02 9.9875234e-01
    outer loop
      vertex 1.9122195e-02 -9.6133768e-02 4.8152733e-03
      vertex 1.1945837e-17 -6.0055778e-17 0.0000000e+00
      vertex -1.1248198e-32 -6.1232340e-17 0.0000000e+00
    endloop
  endfacet
  facet normal -1.4312346e-02 4.7181480e-02 9.9878379e-01
    outer loop
      vertex 1.9122195e-02 -9.6133768e-02 4.8152733e-03
      vertex 3.7509536e-02 -9.0556030e-02 4.8152733e-03
      vertex 1.1945837e-17 -6.0055778e-17 0.0000000e+00
    endloop
  endfacet
  facet normal 0.0000000e+00 3.1234752e-02 9.9951208e-01
    outer loop
      vertex 3.7509536e-02 -9.0556030e-02 4.8152733e-03
      vertex 2.3432602e-17 -5.6571306e-17 0.0000000e+00
      vertex 1.1945837e-17 -6.0055778e-17 0.0000000e+00
    endloop
  endfacet
  facet normal -2.3241988e-02 4.3482701e-02 9.9878379e-01
    outer loop
      vertex 3.7509536e-02 -9.0556030e-02 4.8152733e-03
      vertex 5.4455405e-02 -8.1498274e-02 4.8152733e-03
      vertex 2.3432602e-17 -5.6571306e-17 0.0000000e+00
    endloop
  endfacet
  facet normal 0.0000000e+00 6.2378286e-02 9.9805258e-01
    outer loop
      vertex 5.4455405e-02 -8.1498274e-02 4.8152733e-03
      vertex 3.4018865e-17 -5.0912830e-17 0.0000000e+00
      vertex 2.3432602e-17 -5.6571306e-17 0.0000000e+00
    endloop
  endfacet
  facet normal -3.1278454e-02 3.8112906e-02 9.9878379e-01
    outer loop
      vertex 5.4455405e-02 -8.1498274e-02 4.8152733e-03
      vertex 6.9308585e-02 -6.9308585e-02 4.8152733e-03
      vertex 3.4018865e-17 -5.0912830e-17 0.0000000e+00
    endloop
  endfacet
  facet normal -3.1173984e-02 6.2347969e-02 9.9756750e-01
    outer loop
      vertex 6.9308585e-02 -6.9308585e-02 4.8152733e-03
      vertex 4.3297803e-17 -4.3297803e-17 0.0000000e+00
      vertex 3.4018865e-17 -5.0912830e-17 0.0000000e+00
    endloop
  endfacet
  facet normal -3.8112906e-02 3.1278454e-02 9.9878379e-01
    outer loop
      vertex 6.9308585e-02 -6.9308585e-02 4.8152733e-03
      vertex 8.1498274e-02 -5.4455405e-02 4.8152733e-03
      vertex 4.3297803e-17 -4.3297803e-17 0.0000000e+00
    endloop
  endfacet
  facet normal -6.2257281e-02 6.2257281e-02 9.9611649e-01
    outer loop
      vertex 8.1498274e-02 -5.4455405e-02 4.8152733e-03
      vertex 5.0912830e-17 -3.4018865e-17 0.0000000e+00
      vertex 4.3297803e-17 -4.3297803e-17 0.0000000e+00
    endloop
  endfacet
  facet normal -4.3482701e-02 2.3241988e-02 9.9878379e-01
    outer loop
      vertex 8.1498274e-02 -5.4455405e-02 4.8152733e-03
      vertex 9.0556030e-02 -3.7509536e-02 4.8152733e-03
      vertex 5.0912830e-17 -3.4018865e-17 0.0000000e+00
    endloop
  endfacet
  facet normal -9.3340709e-02 0.0000000e+00 9.9563423e-01
    outer loop
      vertex 9.0556030e-02 -3.7509536e-02 4.8152733e-03
      vertex 5.6571306e-17 -2.3432602e-17 0.0000000e+00
      vertex 5.0912830e-17 -3.4018865e-17 0.0000000e+00
    endloop
  endfacet
  facet normal -4.7181480e-02 1.4312346e-02 9.9878379e-01
    outer loop
      vertex 9.0556030e-02 -3.7509536e-02 4.8152733e-03
      vertex 9.6133768e-02 -1.9122195e-02 4.8152733e-03
      vertex 5.6571306e-17 -2.3432602e-17 0.0000000e+00
    endloop
  endfacet
  facet normal -5.2012834e-02 0.0000000e+00 9.9864642e-01
    outer loop
      vertex 9.6133768e-02 -1.9122195e-02 4.8152733e-03
      vertex 6.0055778e-17 -1.1945837e-17 0.0000000e+00
      vertex 5.6571306e-17 -2.3432602e-17 0.0000000e+00
    endloop
  endfacet
  facet normal -4.9067101e-02 4.8326877e-03 9.9878379e-01
    outer loop
      vertex 9.6133768e-02 -1.9122195e-02 4.8152733e-03
      vertex 9.8017140e-02 0.0000000e+00 4.8152733e-03
      vertex 6.0055778e-17 -1.1945837e-17 0.0000000e+00
    endloop
  endfacet
  facet normal -4.9067674e-02 0.0000000e+00 9.9879546e-01
    outer loop
      vertex 9.8017140e-02 0.0000000e+00 4.8152733e-03
      vertex 6.1232340e-17 0.0000000e+00 0.0000000e+00
      vertex 6.0055778e-17 -1.1945837e-17 0.0000000e+00
    endloop
  endfacet
  facet normal 0.0000000e+00 0.0000000e+00 -1.0000000e+00
    outer loop
      vertex 0.0000000e+00 0.0000000e+00 0.0000000e+00
      vertex 6.0055778e-17 1.1945837e-17 0.0000000e+00
      vertex 6.1232340e-17 0.0000000e+00 0.0000000e+00
    endloop
  endfacet
  facet normal 0.0000000e+00 0.0000000e+00 -1.0000000e+00
    outer loop
      vertex 0.0000000e+00 0.0000000e+00 0.0000000e+00
      vertex 5.6571306e-17 2.3432602e-17 0.0000000e+00
      vertex 6.0055778e-17 1.1945837e-17 0.0000000e+00
    endloop
  endfacet
  facet normal 0.0000000e+00 0.0000000e+00 -1.0000000e+00
    outer loop
      vertex 0.0000000e+00 0.0000000e+00 0.0000000e+00
      vertex 5.0912830e-17 3.4018865e-17 0.0000000e+00
      vertex 5.6571306e-17 2.3432602e-17 0.0000000e+00
    endloop
  endfacet
  facet normal 0.0000000e+00 0.0000000e+00 -1.0000000e+00
    outer loop
      vertex 0.0000000e+00 0.0000000e+00 0.0000000e+00
      vertex 4.3297803e-17 4.3297803e-17 0.0000000e+00
      vertex 5.0912830e-17 3.4018865e-17 0.0000000e+00
    endloop
  endfacet
  facet normal 0.0000000e+00 0.0000000e+00 -1.0000000e+00
    outer loop
      vertex 0.0000000e+00 0.0000000e+00 0.0000000e+00
      vertex 3.4018865e-17 5.0912830e-17 0.0000000e+00
      vertex 4.3297803e-17 4.3297803e-17 0.0000000e+00
    endloop
  endfacet
  facet normal 0.0000000e+00 0.0000000e+00 -1.0000000e+00
    outer loop
      vertex 0.0000000e+00 0.0000000e+00 0.0000000e+00
      vertex 2.3432602e-17 5.6571306e-17 0.0000000e+00
      vertex 3.4018865e-17 5.0912830e-17 0.0000000e+00
    endloop
  endfacet
  facet normal 0.0000000e+00 0.0000000e+00 -1.0000000e+00
    outer loop
      vertex 0.0000000e+00 0.0000000e+00 0.0000000e+00
      vertex 1.1945837e-17 6.0055778e-17 0.0000000e+00
      vertex 2.3432602e-17 5.6571306e-17 0.0000000e+00
    endloop
  endfacet
  facet normal 0.0000000e+00 0.0000000e+00 -1.0000000e+00
    outer loop
      vertex 0.0000000e+00 0.0000000e+00 0.0000000e+00
      vertex 3.7493995e-33 6.1232340e-17 0.0000000e+00
      vertex 1.1945837e-17 6.0055778e-17 0.0000000e+00
    endloop
  endfacet
  facet normal 0.0000000e+00 0.0000000e+00 -1.0000000e+00
    outer loop
      vertex 0.0000000e+00 0.0000000e+00 0.0000000e+00
      vertex -1.1945837e-17 6.0055778e-17 0.0000000e+00
      vertex 3.7493995e-33 6.1232340e-17 0.0000000e+00
    endloop
  endfacet
  facet normal 0.0000000e+00 0.0000000e+00 -1.0000000e+00
    outer loop
      vertex 0.0000000e+00 0.0000000e+00 0.0000000e+00
      vertex -2.3432602e-17 5.6571306e-17 0.0000000e+00
      vertex -1.1945837e-17 6.0055778e-17 0.0000000e+00
    endloop
  endfacet
  facet normal 0.0000000e+00 0.0000000e+00 -1.0000000e+00
    outer loop
      vertex 0.0000000e+00 0.0000000e+00 0.0000000e+00
      vertex -3.4018865e-17 5.0912830e-17 0.0000000e+00
      vertex -2.3432602e-17 5.6571306e-17 0.0000000e+00
    endloop
  endfacet
  facet normal 0.0000000e+00 0.0000000e+00 -1.0000000e+00
    outer loop
      vertex 0.0000000e+00 0.0000000e+00 0.0000000e+00
      vertex -4.3297803e-17 4.3297803e-17 0.0000000e+00
      vertex -3.4018865e-17 5.0912830e-17 0.0000000e+00
    endloop
  endfacet
  facet normal 0.0000000e+00 0.0000000e+00 -1.0000000e+00
    outer loop
      vertex 0.0000000e+00 0.0000000e+00 0.0000000e+00
      vertex -5.0912830e-17 3.4018865e-17 0.0000000e+00
      vertex -4.3297803e-17 4.3297803e-17 0.0000000e+00
    endloop
  endfacet
  facet normal 0.0000000e+00 0.0000000e+00 -1.0000000e+00
    outer loop
      vertex 0.0000000e+00 0.0000000e+00 0.0000000e+00
      vertex -5.6571306e-17 2.3432602e-17 0.0000000e+00
      vertex -5.0912830e-17 3.4018865e-17 0.0000000e+00
    endloop
  endfacet
  facet normal 0.0000000e+00 0.0000000e+00 -1.0000000e+00
    outer loop
      vertex 0.0000000e+00 0.0000000e+00 0.0000000e+00
      vertex -6.0055778e-17 1.1945837e-17 0.0000000e+00
      vertex -5.6571306e-17 2.3432602e-17 0.0000000e+00
    endloop
  endfacet
  facet normal 0.0000000e+00 0.0000000e+00 -1.0000000e+00
    outer loop
      vertex 0.0000000e+00 0.0000000e+00 0.0000000e+00
      vertex -6.1232340e-17 7.4987989e-33 0.0000000e+00
      vertex -6.0055778e-17 1.1945837e-17 0.0000000e+00
    endloop
  endfacet
  facet normal -0.0000000e+00 0.0000000e+00 -1.0000000e+00
    outer loop
      vertex 0.0000000e+00 0.0000000e+00 0.0000000e+00
      vertex -6.0055778e-17 -1.1945837e-17 0.0000000e+00
      vertex -6.1232340e-17 7.4987989e-33 0.0000000e+00
    endloop
  endfacet
  facet normal 0.0000000e+00 0.0000000e+00 -1.0000000e+00
    outer loop
      vertex 0.0000000e+00 0.0000000e+00 0.0000000e+00
      vertex -5.6571306e-17 -2.3432602e-17 0.0000000e+00
      vertex -6.0055778e-17 -1.1945837e-17 0.0000000e+00
    endloop
  endfacet
  facet normal 0.0000000e+00 0.0000000e+00 -1.0000000e+00
    outer loop
      vertex 0.0000000e+00 0.0000000e+00 0.0000000e+00
      vertex -5.0912830e-17 -3.4018865e-17 0.0000000e+00
      vertex -5.6571306e-17 -2.3432602e-17 0.0000000e+00
    endloop
  endfacet
  facet normal 0.0000000e+00 0.0000000e+00 -1.0000000e+00
    outer loop
      vertex 0.0000000e+00 0.0000000e+00 0.0000000e+00
      vertex -4.3297803e-17 -4.3297803e-17 0.0000000e+00
      vertex -5.0912830e-17 -3.4018865e-17 0.0000000e+00
    endloop
  endfacet
  facet normal 0.0000000e+00 0.0000000e+00 -1.0000000e+00
    outer loop
      vertex 0.0000000e+00 0.0000000e+00 0.0000000e+00
      vertex -3.4018865e-17 -5.0912830e-17 0.0000000e+00
      vertex -4.3297803e-17 -4.3297803e-17 0.0000000e+00
    endloop
  endfacet
  facet normal 0.0000000e+00 0.0000000e+00 -1.0000000e+00
    outer loop
      vertex 0.0000000e+00 0.0000000e+00 0.0000000e+00
      vertex -2.3432602e-17 -5.6571306e-17 0.0000000e+00
      vertex -3.4018865e-17 -5.0912830e-17 0.0000000e+00
    endloop
  endfacet
  facet normal 0.0000000e+00 0.0000000e+00 -1.0000000e+00
    outer loop
      vertex 0.0000000e+00 0.0000000e+00 0.0000000e+00
      vertex -1.1945837e-17 -6.0055778e-17 0.0000000e+00
      vertex -2.3432602e-17 -5.6571306e-17 0.0000000e+00
    endloop
  endfacet
  facet normal 0.0000000e+00 0.0000000e+00 -1.0000000e+00
    outer loop
      vertex 0.0000000e+00 0.0000000e+00 0.0000000e+00
      vertex -1.1248198e-32 -6.1232340e-17 0.0000000e+00
      vertex -1.1945837e-17 -6.0055778e-17 0.0000000e+00
    endloop
  endfacet
  facet normal 0.0000000e+00 -0.0000000e+00 -1.0000000e+00
    outer loop
      vertex 0.0000000e+00 0.0000000e+00 0.0000000e+00
      vertex 1.1945837e-17 -6.0055778e-17 0.0000000e+00
      vertex -1.1248198e-32 -6.1232340e-17 0.0000000e+00
    endloop
  endfacet
  facet normal 0.0000000e+00 0.0000000e+00 -1.0000000e+00
    outer loop
      vertex 0.0000000e+00 0.0000000e+00 0.0000000e+00
      vertex 2.3432602e-17 -5.6571306e-17 0.0000000e+00
      vertex 1.1945837e-17 -6.0055778e-17 0.0000000e+00
    endloop
  endfacet
  facet normal 0.0000000e+00 0.0000000e+00 -1.0000000e+00
    outer loop
      vertex 0.0000000e+00 0.0000000e+00 0.0000000e+00
      vertex 3.4018865e-17 -5.0912830e-17 0.0000000e+00
      vertex 2.3432602e-17 -5.6571306e-17 0.0000000e+00
    endloop
  endfacet
  facet normal 0.0000000e+00 0.0000000e+00 -1.0000000e+00
    outer loop
      vertex 0.0000000e+00 0.0000000e+00 0.0000000e+00
      vertex 4.3297803e-17 -4.3297803e-17 0.0000000e+00
      vertex 3.4018865e-17 -5.0912830e-17 0.0000000e+00
    endloop
  endfacet
  facet normal 0.0000000e+00 0.0000000e+00 -1.0000000e+00
    outer loop
      vertex 0.0000000e+00 0.0000000e+00 0.0000000e+00
      vertex 5.0912830e-17 -3.4018865e-17 0.0000000e+00
      vertex 4.3297803e-17 -4.3297803e-17 0.0000000e+00
    endloop
  endfacet
  facet normal 0.0000000e+00 0.0000000e+00 -1.0000000e+00
    outer loop
      vertex 0.0000000e+00 0.0000000e+00 0.0000000e+00
      vertex 5.6571306e-17 -2.3432602e-17 0.0000000e+00
      vertex 5.0912830e-17 -3.4018865e-17 0.0000000e+00
    endloop
  endfacet
  facet normal 0.0000000e+00 0.0000000e+00 -1.0000000e+00
    outer loop
      vertex 0.0000000e+00 0.0000000e+00 0.0000000e+00
      vertex 6.0055778e-17 -1.1945837e-17 0.0000000e+00
      vertex 5.6571306e-17 -2.3432602e-17 0.0000000e+00
    endloop
  endfacet
  facet normal 0.0000000e+00 0.0000000e+00 -1.0000000e+00
    outer loop
      vertex 0.0000000e+00 0.0000000e+00 0.0000000e+00
      vertex 6.1232340e-17 0.0000000e+00 0.0000000e+00
      vertex 6.0055778e-17 -1.1945837e-17 0.0000000e+00
    endloop
  endfacet
endsolid tool_payload_hemisphere
